concept,beta_2005_2012_nb_citations,se_2005_2012_nb_citations,beta_2005_2012_top10,se_2005_2012_top10,beta_2005_2012_top5,se_2005_2012_top5,beta_2005_2012_top1,se_2005_2012_top1,beta_2005_2012_semantic_distance,se_2005_2012_semantic_distance,beta_2005_2012_new_word,se_2005_2012_new_word,beta_2005_2012_new_word_comb,se_2005_2012_new_word_comb,beta_2005_2012_new_phrase,se_2005_2012_new_phrase,beta_2005_2012_new_phrase_comb,se_2005_2012_new_phrase_comb,beta_2013_2017_nb_citations,se_2013_2017_nb_citations,beta_2013_2017_top10,se_2013_2017_top10,beta_2013_2017_top5,se_2013_2017_top5,beta_2013_2017_top1,se_2013_2017_top1,beta_2013_2017_semantic_distance,se_2013_2017_semantic_distance,beta_2013_2017_new_word,se_2013_2017_new_word,beta_2013_2017_new_word_comb,se_2013_2017_new_word_comb,beta_2013_2017_new_phrase,se_2013_2017_new_phrase,beta_2013_2017_new_phrase_comb,se_2013_2017_new_phrase_comb,beta_2018_2022_nb_citations,se_2018_2022_nb_citations,beta_2018_2022_top10,se_2018_2022_top10,beta_2018_2022_top5,se_2018_2022_top5,beta_2018_2022_top1,se_2018_2022_top1,beta_2018_2022_semantic_distance,se_2018_2022_semantic_distance,beta_2018_2022_new_word,se_2018_2022_new_word,beta_2018_2022_new_word_comb,se_2018_2022_new_word_comb,beta_2018_2022_new_phrase,se_2018_2022_new_phrase,beta_2018_2022_new_phrase_comb,se_2018_2022_new_phrase_comb,beta_2023_nb_citations,se_2023_nb_citations,beta_2023_top10,se_2023_top10,beta_2023_top5,se_2023_top5,beta_2023_top1,se_2023_top1,beta_2023_semantic_distance,se_2023_semantic_distance,beta_2023_new_word,se_2023_new_word,beta_2023_new_word_comb,se_2023_new_word_comb,beta_2023_new_phrase,se_2023_new_phrase,beta_2023_new_phrase_comb,se_2023_new_phrase_comb,parent_concept
Acoustics,-0.014***,0.001,-0.004,0.01,0.056***,0.013,0.094***,0.028,0.012***,0.0,0.026,0.016,0.181***,0.008,0.149***,0.008,0.315***,0.009,-0.008***,0.001,0.059***,0.012,0.102***,0.015,0.187***,0.032,0.011***,0.0,0.023,0.022,0.176***,0.009,0.124***,0.01,0.306***,0.011,0.011***,0.002,0.152***,0.011,0.181***,0.015,0.244***,0.031,0.011***,0.0,0.133***,0.026,0.131***,0.008,0.139***,0.012,0.210***,0.009,0.002,0.003,0.090***,0.025,0.123***,0.033,0.195***,0.069,0.011***,0.0,0.146,0.112,0.112***,0.022,0.110**,0.052,0.114***,0.021,Physics
Aeronautics,0.015***,0.002,0.117***,0.03,0.121***,0.037,0.299***,0.07,0.009***,0.001,0.229***,0.066,0.398***,0.032,0.365***,0.035,0.631***,0.033,0.014***,0.003,0.111***,0.034,0.070,0.043,0.189**,0.081,0.000,0.001,0.079,0.093,0.158***,0.037,0.216***,0.045,0.349***,0.039,0.025***,0.004,0.145***,0.035,0.205***,0.043,0.205**,0.086,0.002**,0.001,0.065,0.112,0.166***,0.037,0.140***,0.053,0.282***,0.038,0.012,0.009,0.184**,0.081,0.240**,0.108,0.212,0.214,0.001,0.002,0.445,0.483,0.172,0.106,0.312,0.246,0.239**,0.105,Engineering
Aerospace Engineering,-0.013***,0.001,-0.015,0.012,0.014,0.015,0.158***,0.031,0.008***,0.0,0.021,0.02,0.210***,0.011,0.153***,0.011,0.408***,0.011,-0.013***,0.002,0.010,0.013,0.082***,0.017,0.275***,0.035,0.006***,0.0,-0.086***,0.027,0.083***,0.012,0.047***,0.013,0.243***,0.013,-0.006***,0.002,0.104***,0.012,0.163***,0.016,0.321***,0.033,0.009***,0.0,0.059**,0.029,0.078***,0.01,0.108***,0.013,0.122***,0.011,-0.005,0.004,0.069***,0.026,0.034,0.034,0.052,0.077,0.011***,0.0,0.201*,0.115,0.141***,0.024,0.186***,0.057,0.085***,0.023,Engineering
Agricultural Engineering,-0.001,0.005,0.096,0.063,0.014,0.082,-0.122,0.166,0.015***,0.001,-0.133,0.1,0.084*,0.046,-0.021,0.051,0.112**,0.047,0.038***,0.007,0.146**,0.064,0.254***,0.08,0.628***,0.145,0.018***,0.001,-0.010,0.126,-0.027,0.054,-0.055,0.064,0.100*,0.058,0.136***,0.007,0.769***,0.043,0.867***,0.055,0.967***,0.109,0.013***,0.001,0.134,0.112,0.049,0.038,0.157***,0.053,0.245***,0.042,0.100***,0.012,0.668***,0.08,0.765***,0.1,0.943***,0.211,0.011***,0.001,-0.320,0.456,0.449***,0.079,0.025,0.212,0.306***,0.076,Engineering
Agricultural Science,-0.005,0.007,0.014,0.075,0.038,0.096,-0.425*,0.222,0.011***,0.002,-0.086,0.137,0.135*,0.081,0.008,0.077,0.357***,0.09,-0.007,0.007,-0.028,0.076,-0.069,0.099,-0.097,0.199,0.012***,0.001,0.021,0.143,0.090,0.075,-0.024,0.079,0.197**,0.085,0.010,0.007,0.007,0.064,-0.040,0.082,0.004,0.16,0.012***,0.001,-0.483***,0.185,-0.079,0.056,-0.051,0.076,-0.114*,0.06,0.013,0.015,0.283**,0.139,0.047,0.193,0.119,0.372,0.009***,0.002,-83.026,9.841397964777884e+17,-0.009,0.135,-0.106,0.393,-0.198,0.135,"Biology, Environmental Science"
Agroforestry,-0.023***,0.007,-0.113*,0.066,-0.038,0.084,0.004,0.173,0.012***,0.001,0.078,0.086,0.111**,0.051,-0.016,0.051,0.100*,0.053,-0.003,0.009,0.072,0.071,0.070,0.091,-0.400*,0.228,0.013***,0.001,0.298***,0.103,0.179***,0.059,0.146**,0.059,0.185***,0.064,0.039***,0.009,0.314***,0.058,0.262***,0.076,0.227,0.161,0.013***,0.001,0.311***,0.119,0.119**,0.048,0.117*,0.061,0.040,0.053,0.050***,0.018,0.369***,0.125,0.405**,0.157,0.278,0.337,0.015***,0.001,,,0.090,0.109,-0.327,0.343,0.033,0.105,"Biology, Environmental Science"
Agronomy,-0.133***,0.001,-0.223***,0.014,-0.028,0.019,0.285***,0.038,0.014***,0.0,-0.446***,0.021,-0.365***,0.011,-0.090***,0.011,-0.169***,0.013,-0.086***,0.002,0.244***,0.015,0.459***,0.02,0.799***,0.04,0.014***,0.0,-0.367***,0.026,-0.419***,0.012,-0.045***,0.013,-0.200***,0.014,0.002,0.002,0.536***,0.013,0.678***,0.018,1.016***,0.036,0.014***,0.0,-0.132***,0.026,-0.358***,0.01,0.085***,0.013,-0.289***,0.011,0.043***,0.004,0.572***,0.03,0.605***,0.039,0.950***,0.077,0.018***,0.0,0.133,0.106,-0.103***,0.022,0.185***,0.055,-0.215***,0.021,Biology
Anatomy,-0.009***,0.003,0.232***,0.026,0.369***,0.032,0.746***,0.059,0.027***,0.0,-0.209***,0.034,-0.172***,0.022,0.012,0.019,-0.117***,0.024,0.006*,0.004,0.248***,0.028,0.337***,0.036,0.583***,0.068,0.026***,0.0,-0.275***,0.046,-0.152***,0.023,0.013,0.022,-0.075***,0.026,0.056***,0.004,0.400***,0.025,0.471***,0.031,0.554***,0.063,0.027***,0.0,-0.173***,0.055,-0.155***,0.02,0.038,0.026,-0.188***,0.022,0.071***,0.008,0.562***,0.054,0.528***,0.075,0.721***,0.149,0.028***,0.001,0.165,0.221,-0.031,0.048,0.099,0.112,-0.060,0.046,"Biology, Medicine"
Andrology,0.035*,0.021,0.256,0.196,0.576**,0.23,0.597,0.46,0.023***,0.002,-0.176,0.235,-0.908***,0.137,-0.377***,0.145,-1.184***,0.14,-0.031,0.025,0.184,0.229,0.259,0.299,0.691,0.517,0.017***,0.002,-0.310,0.311,-0.664***,0.144,-0.127,0.159,-0.763***,0.156,0.099***,0.024,0.915***,0.163,1.016***,0.198,1.562***,0.306,0.030***,0.002,-0.219,0.324,-0.268**,0.123,0.275*,0.146,-0.547***,0.128,0.024,0.039,0.384,0.328,0.423,0.475,-16.658,4651.21,0.015***,0.003,0.471,0.725,-0.194,0.222,0.144,0.467,-0.312,0.218,Medicine
Anesthesia,-0.066***,0.008,-0.103,0.065,-0.040,0.086,-0.074,0.192,0.032***,0.001,-0.053,0.094,-0.257***,0.05,0.080*,0.049,-0.408***,0.054,-0.025***,0.009,0.097,0.069,0.103,0.092,0.262,0.184,0.033***,0.001,0.203*,0.107,-0.226***,0.054,0.189***,0.057,-0.373***,0.06,0.045***,0.008,0.388***,0.054,0.443***,0.069,0.342**,0.148,0.030***,0.001,-0.070,0.138,-0.011,0.046,0.231***,0.061,-0.184***,0.049,-0.009,0.015,-0.015,0.138,-0.075,0.188,-0.263,0.423,0.028***,0.002,-0.439,0.712,0.213**,0.105,0.325,0.244,-0.014,0.102,Medicine
Animal Science,-0.017**,0.007,0.041,0.06,0.080,0.079,-0.061,0.178,0.018***,0.001,-0.029,0.073,-0.191***,0.051,-0.110**,0.043,-0.236***,0.056,-0.006,0.008,0.089,0.067,0.067,0.09,0.208,0.18,0.016***,0.001,-0.104,0.101,-0.233***,0.056,-0.033,0.053,-0.273***,0.064,0.029***,0.008,0.270***,0.059,0.416***,0.075,0.504***,0.15,0.019***,0.001,0.035,0.102,-0.172***,0.044,-0.000,0.055,-0.181***,0.05,0.006,0.017,0.174,0.146,0.101,0.195,0.214,0.364,0.023***,0.002,-0.597,0.713,-0.183*,0.102,-0.567*,0.339,-0.288***,0.099,Biology
Applied Mathematics,0.012***,0.002,0.107***,0.013,0.157***,0.017,0.311***,0.036,-0.001**,0.0,-0.016,0.023,0.093***,0.01,0.088***,0.011,0.171***,0.01,0.028***,0.002,0.153***,0.014,0.219***,0.019,0.390***,0.04,-0.000,0.0,-0.032,0.031,0.026**,0.011,0.011,0.015,0.108***,0.011,0.048***,0.002,0.223***,0.013,0.244***,0.018,0.377***,0.038,0.001***,0.0,0.063*,0.034,0.055***,0.01,0.096***,0.016,0.116***,0.01,0.036***,0.004,0.181***,0.032,0.219***,0.043,0.263***,0.084,0.002***,0.001,-0.128,0.156,0.140***,0.031,0.055,0.079,0.124***,0.03,Mathematics
Architectural Engineering,-0.007***,0.003,-0.058**,0.027,-0.047,0.034,0.135**,0.064,0.011***,0.001,-0.024,0.059,0.203***,0.026,0.124***,0.029,0.366***,0.027,0.012***,0.003,-0.040,0.028,0.079**,0.035,0.392***,0.066,0.009***,0.001,0.020,0.07,0.102***,0.028,0.115***,0.033,0.213***,0.031,0.033***,0.004,0.035,0.025,0.128***,0.032,0.493***,0.063,0.011***,0.001,0.285***,0.071,0.067***,0.024,0.199***,0.033,0.122***,0.025,0.018**,0.007,0.019,0.055,0.169**,0.073,0.129,0.152,0.011***,0.001,0.589**,0.27,0.298***,0.058,0.208,0.149,0.280***,0.056,Engineering
Astrobiology,-0.047***,0.006,-0.213***,0.065,-0.270***,0.089,-0.195,0.187,0.032***,0.001,0.008,0.114,0.271***,0.062,0.122**,0.059,0.295***,0.067,-0.048***,0.006,-0.291***,0.073,-0.227**,0.098,0.015,0.195,0.027***,0.001,-0.012,0.146,0.029,0.064,0.079,0.07,0.017,0.07,-0.041***,0.007,-0.138**,0.065,-0.097,0.087,0.004,0.182,0.031***,0.001,-0.014,0.151,-0.021,0.054,0.120*,0.071,-0.182***,0.058,-0.022,0.018,0.086,0.137,-0.044,0.202,-1.222*,0.722,0.031***,0.002,0.321,0.517,0.033,0.129,-0.165,0.328,-0.216*,0.128,"Biology, Physics"
Astronomy,-0.030***,0.002,0.118***,0.016,0.213***,0.021,0.446***,0.043,0.018***,0.0,0.003,0.024,0.235***,0.013,0.246***,0.013,0.430***,0.015,-0.015***,0.002,0.293***,0.017,0.403***,0.022,0.580***,0.047,0.014***,0.0,-0.015,0.032,0.153***,0.015,0.206***,0.015,0.338***,0.017,0.023***,0.002,0.469***,0.014,0.545***,0.019,0.680***,0.041,0.011***,0.0,0.110***,0.033,0.065***,0.012,0.258***,0.015,0.220***,0.013,-0.017***,0.004,0.181***,0.034,0.192***,0.044,0.209**,0.102,0.010***,0.001,0.246*,0.139,0.151***,0.027,0.399***,0.062,0.175***,0.026,Physics
Astrophysics,0.001,0.004,0.202***,0.029,0.266***,0.038,0.586***,0.074,0.028***,0.0,-0.025,0.044,0.194***,0.024,0.041*,0.023,0.199***,0.026,-0.012***,0.004,0.193***,0.033,0.270***,0.044,0.582***,0.085,0.028***,0.0,-0.045,0.054,0.093***,0.026,0.002,0.028,0.044,0.03,-0.019***,0.004,0.139***,0.03,0.177***,0.041,0.308***,0.086,0.028***,0.0,-0.053,0.06,0.021,0.023,0.022,0.03,-0.204***,0.025,-0.061***,0.009,-0.208***,0.067,-0.279***,0.098,-0.032,0.207,0.023***,0.001,-0.028,0.273,0.122**,0.052,0.022,0.131,-0.171***,0.052,Physics
Atmospheric Sciences,-0.039***,0.009,-0.115*,0.059,-0.054,0.079,-0.237,0.187,0.012***,0.001,-0.077,0.088,-0.106**,0.048,-0.124***,0.044,-0.040,0.057,-0.032***,0.01,-0.015,0.063,0.138*,0.081,0.209,0.171,0.011***,0.001,0.070,0.107,0.098*,0.051,-0.086*,0.052,0.106*,0.061,0.002,0.01,0.158***,0.055,0.164**,0.074,0.413***,0.143,0.011***,0.001,0.256**,0.115,0.049,0.041,0.136**,0.054,-0.058,0.047,0.012,0.02,0.190,0.12,0.383**,0.153,,,0.011***,0.001,-17.024,3655.441,0.201**,0.099,0.188,0.26,0.138,0.093,"Geology, Physics"
Atomic Physics,-0.002,0.006,0.069,0.043,0.059,0.058,0.194,0.119,0.015***,0.0,-0.121*,0.062,0.025,0.029,-0.029,0.03,0.010,0.034,-0.011,0.008,0.110**,0.055,0.038,0.075,-0.169,0.176,0.015***,0.001,-0.148,0.094,0.043,0.037,0.053,0.042,0.052,0.043,-0.001,0.008,0.130**,0.057,0.123,0.076,-0.185,0.184,0.016***,0.001,-0.031,0.117,-0.114***,0.038,-0.034,0.055,-0.172***,0.04,-0.045**,0.018,-0.075,0.137,-0.301,0.196,-0.377,0.455,0.020***,0.001,0.269,0.512,0.007,0.106,0.003,0.258,-0.207**,0.101,Physics
Audiology,-0.034***,0.004,-0.020,0.028,0.045,0.037,-0.026,0.081,0.011***,0.0,0.114***,0.035,0.340***,0.022,0.203***,0.019,0.468***,0.025,-0.023***,0.004,0.020,0.029,0.050,0.039,0.153*,0.081,0.010***,0.0,0.127***,0.042,0.232***,0.023,0.133***,0.022,0.330***,0.026,0.006*,0.004,0.075***,0.027,0.164***,0.035,0.268***,0.074,0.011***,0.0,0.055,0.054,0.159***,0.019,0.151***,0.026,0.154***,0.021,0.006,0.007,0.101,0.063,0.016,0.087,-0.056,0.192,0.012***,0.001,,,0.199***,0.047,0.239*,0.125,0.018,0.046,Medicine
Automotive Engineering,-0.026***,0.002,-0.230***,0.018,-0.252***,0.023,-0.338***,0.048,-0.003***,0.0,-0.049,0.03,0.164***,0.015,0.013,0.015,0.373***,0.017,-0.039***,0.002,-0.262***,0.02,-0.226***,0.026,-0.057,0.054,-0.001***,0.0,-0.089**,0.04,0.090***,0.017,-0.037**,0.018,0.237***,0.02,-0.028***,0.003,-0.119***,0.019,-0.089***,0.025,-0.062,0.052,0.002***,0.0,-0.011,0.042,-0.006,0.015,-0.022,0.019,-0.022,0.017,-0.025***,0.006,-0.156***,0.04,-0.161***,0.052,-0.211*,0.116,0.004***,0.001,-0.009,0.164,0.075**,0.035,0.103,0.081,0.034,0.033,Engineering
Biochemical Engineering,-0.060***,0.008,-0.208***,0.057,-0.372***,0.079,-0.408**,0.171,0.022***,0.001,-0.157,0.099,0.106**,0.042,-0.039,0.048,0.101**,0.043,-0.063***,0.01,-0.248***,0.064,-0.357***,0.09,-0.283,0.188,0.026***,0.001,0.025,0.116,0.101**,0.045,-0.158***,0.058,0.071,0.048,-0.066***,0.01,-0.097,0.06,-0.132,0.083,0.046,0.166,0.028***,0.001,0.065,0.131,0.034,0.038,0.062,0.058,0.015,0.04,0.037*,0.02,0.168,0.11,0.267*,0.146,0.332,0.292,0.026***,0.001,0.640,0.459,0.138,0.09,0.013,0.247,-0.074,0.086,Engineering
Biochemistry,-0.096***,0.001,0.034***,0.011,0.205***,0.014,0.601***,0.027,0.030***,0.0,-0.441***,0.013,-0.520***,0.007,-0.163***,0.007,-0.428***,0.008,-0.068***,0.002,0.283***,0.011,0.488***,0.014,1.006***,0.026,0.028***,0.0,-0.317***,0.017,-0.522***,0.008,-0.106***,0.009,-0.466***,0.009,0.012***,0.001,0.474***,0.009,0.662***,0.011,1.118***,0.021,0.027***,0.0,-0.010,0.016,-0.383***,0.007,0.110***,0.009,-0.440***,0.007,0.056***,0.003,0.485***,0.018,0.609***,0.022,0.863***,0.044,0.028***,0.0,0.214***,0.062,-0.154***,0.014,0.200***,0.034,-0.295***,0.014,"Biology, Chemistry"
Bioinformatics,0.026***,0.007,0.137***,0.039,0.157***,0.052,0.630***,0.094,0.031***,0.001,0.177***,0.047,0.254***,0.034,0.193***,0.03,0.188***,0.039,0.021***,0.007,0.242***,0.038,0.361***,0.049,0.723***,0.094,0.027***,0.001,0.304***,0.047,0.075**,0.033,0.176***,0.031,-0.031,0.036,0.053***,0.006,0.464***,0.029,0.594***,0.037,0.894***,0.074,0.025***,0.0,0.283***,0.045,0.010,0.025,0.194***,0.028,-0.111***,0.028,0.089***,0.01,0.605***,0.056,0.699***,0.071,0.810***,0.144,0.024***,0.001,0.249,0.185,-0.045,0.047,0.307***,0.103,-0.258***,0.046,Biology
Biological System,-0.030***,0.005,-0.082***,0.032,-0.112***,0.043,-0.028,0.091,0.009***,0.0,0.023,0.043,0.124***,0.025,-0.023,0.023,0.196***,0.029,-0.005,0.006,0.045,0.035,0.029,0.048,0.167*,0.101,0.008***,0.0,0.049,0.055,0.059**,0.027,-0.020,0.028,0.167***,0.031,0.094***,0.006,0.411***,0.031,0.441***,0.042,0.480***,0.09,0.010***,0.0,0.213***,0.063,0.145***,0.023,0.004,0.03,0.205***,0.025,0.092***,0.011,0.427***,0.065,0.440***,0.09,0.344*,0.191,0.006***,0.001,,,0.237***,0.052,0.038,0.128,0.276***,0.049,Biology
Biomedical Engineering,-0.099***,0.005,-0.342***,0.037,-0.274***,0.05,-0.107,0.103,0.015***,0.0,-0.126***,0.039,-0.027,0.027,0.009,0.022,0.080***,0.03,-0.086***,0.005,-0.126***,0.038,-0.030,0.05,0.051,0.107,0.016***,0.0,-0.064,0.046,-0.017,0.027,0.009,0.024,0.122***,0.032,-0.090***,0.005,-0.152***,0.035,-0.059,0.047,0.241***,0.092,0.018***,0.0,-0.165***,0.056,-0.148***,0.023,0.015,0.026,-0.102***,0.026,-0.075***,0.01,-0.276***,0.076,-0.208**,0.104,-0.401,0.255,0.019***,0.001,-0.067,0.244,-0.007,0.047,0.007,0.111,-0.173***,0.047,"Engineering, Medicine"
Biophysics,-0.043***,0.011,0.165**,0.066,0.388***,0.082,0.324*,0.178,0.014***,0.001,-0.401***,0.074,-0.427***,0.047,-0.206***,0.042,-0.332***,0.051,-0.003,0.012,0.311***,0.07,0.422***,0.09,1.089***,0.143,0.013***,0.001,-0.290***,0.09,-0.465***,0.053,-0.168***,0.05,-0.329***,0.06,-0.002,0.012,0.284***,0.064,0.378***,0.082,0.375**,0.175,0.017***,0.001,,,-0.388***,0.049,-0.005,0.057,-0.336***,0.054,0.015,0.024,0.191,0.146,0.438**,0.18,0.697**,0.329,0.015***,0.002,,,-0.380***,0.108,0.107,0.228,-0.336***,0.104,Biology
Biotechnology,-0.052***,0.005,-0.118**,0.047,-0.044,0.062,-0.057,0.132,0.014***,0.0,-0.328***,0.052,-0.316***,0.03,-0.125***,0.03,-0.150***,0.033,-0.044***,0.006,0.054,0.048,0.141**,0.063,0.228*,0.129,0.015***,0.0,-0.305***,0.062,-0.306***,0.034,-0.154***,0.035,-0.213***,0.036,-0.009,0.006,0.228***,0.04,0.410***,0.05,0.830***,0.089,0.016***,0.0,-0.291***,0.07,-0.403***,0.028,-0.145***,0.037,-0.222***,0.031,0.022*,0.011,0.357***,0.075,0.449***,0.095,0.581***,0.198,0.016***,0.001,-0.081,0.286,-0.277***,0.061,-0.118,0.156,-0.295***,0.059,Biology
Botany,-0.080***,0.002,0.013,0.016,0.182***,0.021,0.525***,0.039,0.042***,0.0,-0.665***,0.023,-0.632***,0.012,-0.358***,0.013,-0.431***,0.013,-0.052***,0.002,0.163***,0.017,0.318***,0.022,0.793***,0.04,0.042***,0.0,-0.664***,0.03,-0.634***,0.013,-0.326***,0.015,-0.468***,0.014,0.033***,0.002,0.432***,0.013,0.567***,0.017,1.074***,0.03,0.042***,0.0,-0.303***,0.028,-0.518***,0.011,-0.081***,0.015,-0.477***,0.011,0.055***,0.004,0.618***,0.028,0.752***,0.035,1.248***,0.064,0.042***,0.0,-0.099,0.117,-0.268***,0.024,0.082,0.06,-0.374***,0.024,Biology
Cancer Research,-0.102***,0.014,-0.103,0.11,-0.056,0.151,-0.606,0.451,0.023***,0.001,-0.536***,0.116,-0.717***,0.068,-0.505***,0.068,-0.827***,0.071,-0.053***,0.012,0.272***,0.09,0.482***,0.114,0.629***,0.231,0.023***,0.001,-0.659***,0.115,-0.810***,0.06,-0.382***,0.063,-0.824***,0.065,0.025***,0.01,0.520***,0.056,0.674***,0.072,0.959***,0.142,0.018***,0.001,-0.166*,0.085,-0.378***,0.044,0.003,0.048,-0.455***,0.049,-0.019**,0.008,0.172**,0.085,0.327***,0.105,0.473**,0.206,0.018***,0.001,-0.266,0.322,-0.211***,0.081,0.125,0.161,-0.116,0.08,"Biology, Medicine"
Cardiology,-0.057***,0.004,-0.002,0.032,0.021,0.044,0.052,0.098,0.022***,0.0,0.137***,0.043,0.072***,0.024,0.298***,0.023,-0.046*,0.026,0.002,0.004,0.275***,0.033,0.410***,0.042,0.536***,0.087,0.020***,0.0,0.094*,0.054,0.081***,0.025,0.247***,0.028,-0.011,0.028,0.111***,0.004,0.744***,0.025,0.902***,0.03,1.057***,0.059,0.022***,0.0,0.241***,0.057,0.212***,0.021,0.393***,0.028,0.074***,0.023,0.070***,0.007,0.565***,0.054,0.587***,0.066,0.498***,0.144,0.023***,0.001,0.571***,0.187,0.461***,0.047,0.431***,0.107,0.216***,0.046,Medicine
Cartography,-0.019***,0.002,0.006,0.018,0.086***,0.022,0.271***,0.044,0.012***,0.0,-0.089***,0.027,0.117***,0.016,0.069***,0.015,0.250***,0.017,0.002,0.003,0.114***,0.018,0.206***,0.023,0.476***,0.045,0.010***,0.0,-0.029,0.034,0.066***,0.017,0.089***,0.017,0.169***,0.018,0.036***,0.003,0.251***,0.015,0.345***,0.02,0.637***,0.04,0.011***,0.0,0.250***,0.034,0.137***,0.013,0.245***,0.017,0.139***,0.014,0.058***,0.005,0.319***,0.032,0.353***,0.043,0.560***,0.086,0.012***,0.001,0.430***,0.143,0.245***,0.029,0.427***,0.072,0.172***,0.029,Geography
Cell Biology,-0.110***,0.008,0.013,0.062,0.039,0.086,0.157,0.182,0.030***,0.001,-0.599***,0.068,-0.770***,0.039,-0.434***,0.038,-0.757***,0.041,-0.081***,0.009,0.025,0.069,0.214**,0.089,0.564***,0.171,0.028***,0.001,-0.465***,0.082,-0.724***,0.043,-0.321***,0.044,-0.762***,0.046,-0.023***,0.009,0.337***,0.053,0.436***,0.07,0.528***,0.149,0.031***,0.001,-0.240***,0.089,-0.651***,0.038,-0.130***,0.048,-0.757***,0.041,0.015,0.012,0.357***,0.097,0.546***,0.121,1.004***,0.214,0.028***,0.001,-1.070*,0.58,-0.394***,0.085,-0.119,0.202,-0.503***,0.083,Biology
Chemical Engineering,-0.115***,0.004,-0.330***,0.036,-0.327***,0.05,-0.133,0.102,0.027***,0.0,-0.345***,0.043,-0.295***,0.022,-0.111***,0.021,-0.344***,0.025,-0.109***,0.005,-0.025,0.038,0.004,0.052,0.139,0.108,0.027***,0.0,-0.286***,0.053,-0.241***,0.023,-0.074***,0.025,-0.254***,0.026,-0.069***,0.005,0.107***,0.031,0.148***,0.041,0.139,0.089,0.027***,0.0,-0.159***,0.054,-0.196***,0.019,-0.007,0.025,-0.289***,0.021,-0.075***,0.01,0.062,0.062,0.027,0.086,-0.135,0.204,0.026***,0.001,0.341*,0.2,-0.091**,0.043,-0.067,0.111,-0.301***,0.041,Engineering
Chemical Physics,-0.020**,0.01,0.004,0.057,0.051,0.076,0.205,0.154,0.011***,0.001,-0.051,0.078,-0.114***,0.04,-0.136***,0.039,-0.201***,0.048,0.029**,0.011,0.182***,0.06,0.292***,0.077,0.074,0.18,0.012***,0.001,0.002,0.092,-0.187***,0.042,-0.080*,0.046,-0.227***,0.05,0.009,0.011,0.092,0.056,0.163**,0.074,0.106,0.166,0.014***,0.001,-0.156,0.119,-0.122***,0.038,-0.136**,0.053,-0.295***,0.041,-0.028,0.022,0.010,0.127,-0.159,0.19,0.104,0.365,0.017***,0.001,0.777**,0.369,-0.166*,0.094,0.141,0.222,-0.133,0.086,"Chemistry, Physics"
Chromatography,-0.026***,0.002,0.011,0.015,0.127***,0.019,0.426***,0.035,0.032***,0.0,-0.307***,0.022,-0.445***,0.012,-0.174***,0.012,-0.515***,0.012,-0.034***,0.002,-0.002,0.017,0.079***,0.022,0.423***,0.041,0.030***,0.0,-0.280***,0.029,-0.383***,0.012,-0.153***,0.015,-0.531***,0.013,-0.019***,0.002,0.045***,0.015,0.154***,0.02,0.514***,0.037,0.028***,0.0,-0.212***,0.032,-0.319***,0.011,-0.084***,0.016,-0.540***,0.011,-0.032***,0.005,-0.120***,0.034,-0.023,0.044,0.254***,0.084,0.029***,0.0,0.070,0.135,-0.119***,0.026,0.114*,0.067,-0.407***,0.026,Chemistry
Civil Engineering,-0.015***,0.002,-0.139***,0.023,-0.071**,0.028,0.048,0.053,0.008***,0.0,-0.102***,0.038,-0.002,0.019,-0.039**,0.02,0.067***,0.02,-0.005,0.003,-0.007,0.025,0.029,0.032,0.272***,0.061,0.008***,0.0,-0.097*,0.052,-0.055**,0.022,-0.007,0.024,-0.023,0.024,0.036***,0.003,0.171***,0.022,0.256***,0.027,0.476***,0.055,0.010***,0.0,0.210***,0.051,0.056***,0.018,0.132***,0.024,0.019,0.019,0.044***,0.007,0.235***,0.045,0.244***,0.058,0.277**,0.128,0.011***,0.001,0.637***,0.191,0.165***,0.041,0.048,0.108,0.094**,0.04,Engineering
Classical Mechanics,-0.009***,0.002,0.027*,0.016,0.064***,0.021,0.217***,0.043,0.009***,0.0,0.235***,0.024,0.266***,0.012,0.200***,0.012,0.307***,0.014,0.006***,0.002,0.227***,0.017,0.288***,0.023,0.434***,0.047,0.010***,0.0,0.155***,0.032,0.248***,0.013,0.130***,0.014,0.260***,0.016,0.010***,0.002,0.267***,0.016,0.323***,0.021,0.461***,0.044,0.008***,0.0,0.170***,0.036,0.182***,0.012,0.122***,0.016,0.121***,0.013,-0.039***,0.005,-0.019,0.037,-0.059,0.048,0.086,0.105,0.008***,0.0,0.039,0.178,0.225***,0.03,0.133*,0.071,0.096***,0.028,Physics
Climatology,-0.010*,0.005,0.005,0.034,0.002,0.045,0.107,0.092,0.010***,0.0,0.047,0.053,0.187***,0.032,-0.034,0.028,0.171***,0.037,-0.023***,0.006,-0.037,0.036,0.032,0.047,0.301***,0.09,0.009***,0.0,0.264***,0.061,0.241***,0.032,0.052,0.032,0.159***,0.037,0.011*,0.006,0.152***,0.032,0.180***,0.042,0.151*,0.092,0.010***,0.0,0.272***,0.067,0.172***,0.026,0.073**,0.033,0.021,0.029,0.006,0.011,0.063,0.07,0.079,0.093,-0.059,0.211,0.009***,0.001,0.114,0.398,0.208***,0.056,0.251*,0.145,0.044,0.055,Geology
Clinical Psychology,0.010**,0.005,0.085***,0.026,0.086**,0.034,0.240***,0.069,0.011***,0.0,0.044,0.04,-0.016,0.02,0.006,0.022,-0.066***,0.022,0.007,0.004,0.091***,0.024,0.170***,0.031,0.277***,0.064,0.008***,0.0,0.125***,0.041,0.007,0.018,0.058**,0.023,-0.084***,0.02,0.017***,0.003,0.061***,0.02,0.082***,0.026,0.101*,0.055,0.008***,0.0,0.060,0.046,0.047***,0.015,0.085***,0.024,-0.047***,0.015,0.030***,0.006,0.183***,0.043,0.199***,0.054,0.325***,0.111,0.009***,0.001,-0.419*,0.243,0.053,0.037,-0.033,0.115,-0.120***,0.038,"Medicine, Psychology"
Combinatorial Chemistry,-0.014,0.009,-0.071,0.067,-0.055,0.087,0.270*,0.157,0.020***,0.001,-0.272***,0.08,-0.212***,0.045,-0.132***,0.05,-0.179***,0.047,-0.024*,0.014,-0.013,0.087,0.168,0.109,0.535***,0.193,0.026***,0.001,0.012,0.101,-0.143**,0.06,-0.202***,0.068,-0.220***,0.06,-0.000,0.015,0.060,0.082,0.156,0.106,0.724***,0.171,0.032***,0.001,-0.071,0.131,-0.235***,0.055,-0.003,0.076,-0.173***,0.055,0.054*,0.032,0.269,0.168,0.454**,0.203,0.675*,0.389,0.035***,0.002,0.589,0.456,0.035,0.129,0.192,0.31,-0.001,0.133,Chemistry
Combinatorics,0.011***,0.001,0.108***,0.011,0.221***,0.014,0.462***,0.028,0.013***,0.0,0.014,0.018,0.128***,0.009,0.172***,0.01,0.297***,0.01,0.034***,0.002,0.195***,0.011,0.300***,0.015,0.506***,0.03,0.011***,0.0,0.047**,0.023,0.076***,0.01,0.108***,0.012,0.200***,0.011,0.065***,0.002,0.320***,0.011,0.393***,0.014,0.563***,0.029,0.012***,0.0,0.207***,0.026,0.134***,0.009,0.178***,0.013,0.162***,0.009,0.036***,0.003,0.234***,0.024,0.330***,0.032,0.409***,0.065,0.013***,0.0,0.279**,0.117,0.320***,0.024,0.226***,0.06,0.259***,0.024,Mathematics
Composite Material,-0.058***,0.001,-0.133***,0.011,-0.072***,0.015,0.182***,0.03,0.024***,0.0,-0.181***,0.016,-0.163***,0.008,-0.082***,0.008,-0.197***,0.009,-0.073***,0.002,-0.050***,0.013,0.063***,0.017,0.324***,0.034,0.025***,0.0,-0.128***,0.021,-0.103***,0.009,-0.054***,0.01,-0.131***,0.01,-0.040***,0.002,0.076***,0.012,0.179***,0.015,0.440***,0.03,0.025***,0.0,-0.024,0.022,-0.057***,0.008,0.027***,0.01,-0.192***,0.008,-0.021***,0.004,0.038,0.025,0.073**,0.033,0.066,0.074,0.025***,0.0,0.135,0.09,0.023,0.018,0.072*,0.043,-0.144***,0.017,Materials Science
Computational Biology,-0.061***,0.004,-0.002,0.022,0.063**,0.03,0.378***,0.058,0.019***,0.0,0.021,0.026,0.213***,0.02,0.033*,0.017,0.395***,0.022,-0.046***,0.005,0.052**,0.024,0.122***,0.032,0.375***,0.064,0.019***,0.0,0.112***,0.03,0.080***,0.022,0.026,0.02,0.172***,0.024,0.007*,0.004,0.292***,0.019,0.376***,0.026,0.519***,0.054,0.019***,0.0,0.172***,0.03,0.034*,0.018,0.090***,0.019,0.081***,0.019,0.040***,0.006,0.352***,0.039,0.408***,0.049,0.567***,0.1,0.019***,0.001,0.103,0.132,0.053,0.034,0.138*,0.077,-0.067**,0.034,Biology
Computational Chemistry,0.080***,0.008,0.387***,0.043,0.586***,0.053,1.102***,0.089,0.024***,0.001,0.173***,0.052,-0.004,0.036,0.145***,0.032,-0.060,0.041,0.095***,0.009,0.500***,0.046,0.611***,0.058,0.833***,0.111,0.026***,0.001,0.130*,0.067,-0.017,0.038,0.151***,0.039,0.010,0.044,0.074***,0.008,0.370***,0.041,0.462***,0.054,0.719***,0.104,0.030***,0.0,0.167**,0.074,0.040,0.032,0.168***,0.041,-0.034,0.035,0.071***,0.016,0.330***,0.084,0.329***,0.113,-0.037,0.289,0.034***,0.001,0.397,0.27,0.057,0.066,0.132,0.17,-0.151**,0.064,Chemistry
Computational Physics,-0.011*,0.006,-0.052,0.047,-0.029,0.063,-0.055,0.137,0.016***,0.001,0.122*,0.064,0.116***,0.033,0.052*,0.032,0.111***,0.041,-0.013*,0.008,-0.068,0.059,-0.007,0.078,0.374***,0.145,0.016***,0.001,0.030,0.095,0.146***,0.039,-0.035,0.043,0.139***,0.049,-0.004,0.008,0.016,0.057,0.094,0.076,0.312**,0.15,0.018***,0.001,0.167,0.114,0.108***,0.038,0.040,0.052,-0.007,0.042,-0.026*,0.015,0.090,0.123,0.171,0.154,-0.768,0.514,0.022***,0.001,-0.228,0.74,0.048,0.098,0.098,0.241,-0.016,0.091,Physics
Condensed Matter Physics,-0.019***,0.004,-0.065**,0.028,-0.042,0.037,0.112,0.076,0.016***,0.0,-0.172***,0.042,0.018,0.019,0.050**,0.019,0.083***,0.023,0.004,0.005,0.150***,0.032,0.208***,0.043,0.339***,0.088,0.018***,0.0,-0.157***,0.057,-0.044*,0.023,0.053**,0.026,0.025,0.027,0.063***,0.005,0.451***,0.027,0.488***,0.035,0.698***,0.069,0.023***,0.0,-0.045,0.061,0.026,0.021,0.147***,0.027,0.006,0.023,0.012,0.009,0.322***,0.057,0.337***,0.074,0.405***,0.157,0.025***,0.001,-0.178,0.297,0.096**,0.049,0.185,0.114,0.058,0.046,Physics
Construction Engineering,-0.003,0.003,-0.106**,0.05,-0.014,0.062,0.052,0.114,0.002*,0.001,0.034,0.107,0.157***,0.04,0.036,0.052,0.153***,0.041,0.029***,0.007,0.128**,0.062,0.159**,0.079,-0.028,0.158,0.004***,0.001,-0.096,0.169,0.056,0.054,-0.093,0.076,0.132**,0.055,0.030***,0.008,0.160***,0.057,0.141**,0.072,-0.024,0.149,0.009***,0.001,-0.103,0.185,0.089*,0.046,-0.081,0.079,0.103**,0.046,0.031*,0.018,0.066,0.123,0.046,0.163,-0.715*,0.406,0.006***,0.002,1.556***,0.55,-0.021,0.128,0.849***,0.327,-0.008,0.127,Engineering
Control Engineering,-0.036***,0.002,-0.181***,0.025,-0.121***,0.032,-0.103*,0.062,-0.017***,0.0,-0.053,0.039,-0.101***,0.019,0.003,0.02,0.099***,0.02,-0.051***,0.004,-0.063**,0.03,0.127***,0.039,0.175**,0.078,-0.015***,0.0,-0.098*,0.055,-0.114***,0.023,-0.060**,0.026,0.011,0.026,-0.040***,0.004,0.047*,0.028,0.009,0.036,-0.062,0.07,-0.012***,0.0,0.058,0.065,-0.035,0.022,-0.019,0.03,-0.024,0.024,-0.061***,0.009,-0.105*,0.059,-0.210***,0.071,-0.441***,0.138,-0.010***,0.001,0.170,0.254,0.146***,0.053,0.002,0.123,0.051,0.049,Engineering
Crystallography,0.008*,0.004,0.148***,0.034,0.274***,0.043,0.541***,0.082,0.026***,0.0,-0.223***,0.041,-0.132***,0.024,-0.003,0.024,-0.159***,0.026,0.009,0.006,0.206***,0.043,0.314***,0.055,0.428***,0.112,0.026***,0.001,-0.241***,0.063,-0.179***,0.03,-0.042,0.034,-0.163***,0.032,0.020***,0.006,0.302***,0.04,0.426***,0.051,0.614***,0.101,0.025***,0.0,-0.284***,0.081,-0.160***,0.028,-0.036,0.041,-0.228***,0.029,0.025*,0.014,0.255***,0.094,0.175,0.13,0.150,0.276,0.025***,0.001,-0.219,0.359,-0.147**,0.074,-0.113,0.191,-0.143**,0.07,Chemistry
Dentistry,-0.054***,0.004,-0.148***,0.035,-0.079*,0.046,0.201**,0.087,0.031***,0.001,-0.160***,0.056,-0.328***,0.027,-0.263***,0.03,-0.492***,0.027,0.008*,0.004,0.197***,0.036,0.339***,0.045,0.686***,0.082,0.029***,0.001,-0.037,0.074,-0.286***,0.03,-0.059,0.036,-0.457***,0.032,0.080***,0.004,0.537***,0.03,0.772***,0.036,1.260***,0.061,0.026***,0.0,0.062,0.082,-0.120***,0.026,0.048,0.039,-0.303***,0.027,0.113***,0.008,0.694***,0.066,0.802***,0.082,1.389***,0.126,0.025***,0.001,-0.109,0.423,0.045,0.063,0.412***,0.155,-0.068,0.061,Medicine
Dermatology,0.015,0.011,0.160*,0.085,0.091,0.112,0.095,0.23,0.036***,0.001,0.216,0.133,0.219***,0.074,0.090,0.075,0.005,0.076,0.088***,0.011,0.360***,0.083,0.452***,0.102,0.597***,0.189,0.032***,0.001,-0.060,0.174,0.032,0.073,-0.037,0.089,-0.128*,0.077,0.210***,0.008,0.818***,0.053,0.968***,0.062,1.361***,0.098,0.033***,0.001,0.264*,0.145,0.142***,0.052,0.435***,0.071,0.082,0.054,0.125***,0.013,0.664***,0.102,0.838***,0.122,1.006***,0.21,0.034***,0.002,0.055,0.587,0.287***,0.104,0.563**,0.246,0.202**,0.102,Medicine
Development Economics,0.011,0.007,0.120**,0.049,0.127**,0.063,-0.016,0.137,0.006***,0.001,-0.331**,0.135,-0.041,0.046,-0.255***,0.061,-0.173***,0.046,0.014*,0.008,0.004,0.054,-0.055,0.072,-0.030,0.147,0.006***,0.001,-0.143,0.172,-0.134***,0.048,-0.319***,0.078,-0.152***,0.049,0.008,0.008,0.022,0.049,-0.117*,0.067,-0.113,0.139,0.006***,0.001,-0.245,0.242,-0.129***,0.045,0.003,0.086,-0.145***,0.045,-0.013,0.017,-0.132,0.122,-0.189,0.163,,,0.006***,0.002,-0.711,1.016,-0.473***,0.152,-0.021,0.393,-0.216,0.139,Economics
Discrete Mathematics,0.024***,0.002,0.117***,0.017,0.231***,0.023,0.494***,0.046,0.011***,0.0,0.028,0.029,0.066***,0.015,0.142***,0.017,0.127***,0.015,0.044***,0.002,0.198***,0.019,0.277***,0.024,0.564***,0.049,0.011***,0.0,0.004,0.041,0.064***,0.017,0.100***,0.022,0.090***,0.017,0.074***,0.002,0.351***,0.017,0.454***,0.022,0.744***,0.046,0.013***,0.0,0.141***,0.048,0.117***,0.016,0.188***,0.026,0.138***,0.016,0.054***,0.005,0.279***,0.045,0.379***,0.059,0.631***,0.107,0.013***,0.001,0.236,0.204,0.239***,0.048,0.353***,0.119,0.201***,0.051,Mathematics
Distributed Computing,0.010***,0.002,0.048***,0.016,0.021,0.021,0.044,0.045,0.007***,0.0,-0.125***,0.032,-0.107***,0.018,-0.082***,0.018,0.008,0.019,0.035***,0.003,0.118***,0.018,0.144***,0.025,0.191***,0.052,0.006***,0.0,-0.175***,0.041,-0.098***,0.02,-0.074***,0.021,0.038*,0.021,0.072***,0.003,0.290***,0.017,0.345***,0.023,0.466***,0.048,0.005***,0.0,-0.024,0.04,-0.093***,0.016,0.029,0.02,0.071***,0.017,0.059***,0.005,0.284***,0.038,0.370***,0.049,0.376***,0.105,0.002***,0.001,0.273*,0.162,0.104***,0.034,0.088,0.08,0.201***,0.034,Computer Science
Earth Science,-0.037***,0.012,-0.081,0.112,-0.212,0.148,-0.201,0.304,0.022***,0.002,-0.095,0.173,0.134,0.091,-0.219**,0.098,0.248***,0.094,0.003,0.013,0.128,0.108,-0.005,0.139,-0.260,0.308,0.013***,0.002,-0.129,0.204,-0.228**,0.089,-0.200*,0.106,-0.204**,0.091,0.010,0.013,0.269***,0.101,0.291**,0.128,0.320,0.252,0.019***,0.002,-0.688**,0.322,-0.163**,0.083,-0.242*,0.125,-0.156*,0.086,0.029,0.028,0.318,0.224,0.054,0.332,0.264,0.606,0.020***,0.003,-17.690,10681.248,-0.104,0.223,-0.467,0.724,-0.642***,0.242,Geology
Ecology,-0.027***,0.001,0.116***,0.01,0.205***,0.013,0.375***,0.026,0.019***,0.0,-0.342***,0.015,-0.231***,0.008,-0.198***,0.008,-0.157***,0.009,-0.010***,0.002,0.165***,0.011,0.212***,0.014,0.394***,0.028,0.018***,0.0,-0.335***,0.019,-0.282***,0.009,-0.187***,0.01,-0.249***,0.009,0.030***,0.002,0.234***,0.009,0.251***,0.012,0.387***,0.024,0.018***,0.0,-0.150***,0.021,-0.239***,0.007,-0.069***,0.01,-0.295***,0.007,0.040***,0.003,0.295***,0.018,0.296***,0.024,0.269***,0.051,0.018***,0.0,0.001,0.085,-0.141***,0.016,0.040,0.042,-0.251***,0.016,Biology
Electrical Engineering,-0.040***,0.001,-0.191***,0.008,-0.123***,0.01,-0.034,0.022,0.001***,0.0,-0.080***,0.014,0.047***,0.007,0.022***,0.007,0.183***,0.008,-0.046***,0.001,-0.030***,0.009,0.080***,0.012,0.204***,0.025,0.001***,0.0,0.019,0.017,0.045***,0.008,0.023***,0.008,0.142***,0.009,-0.034***,0.001,0.064***,0.008,0.109***,0.011,0.173***,0.023,0.004***,0.0,0.183***,0.018,0.079***,0.006,0.095***,0.008,0.055***,0.007,-0.033***,0.003,0.003,0.017,0.014,0.023,0.002,0.049,0.006***,0.0,0.487***,0.069,0.204***,0.014,0.281***,0.033,0.100***,0.014,Engineering
Electronic Engineering,0.013***,0.001,0.058***,0.011,0.119***,0.015,0.264***,0.03,0.003***,0.0,-0.065***,0.02,0.010,0.011,0.012,0.01,0.169***,0.013,0.017***,0.002,0.103***,0.013,0.153***,0.018,0.238***,0.037,0.004***,0.0,0.001,0.026,0.028**,0.013,0.017,0.013,0.124***,0.015,0.021***,0.002,0.116***,0.013,0.163***,0.017,0.188***,0.036,0.006***,0.0,-0.003,0.029,0.003,0.011,0.022,0.014,0.040***,0.012,0.020***,0.004,0.063**,0.028,0.085**,0.037,0.211***,0.078,0.007***,0.0,0.030,0.122,0.085***,0.025,0.138**,0.056,0.082***,0.024,Engineering
Emergency Medicine,-0.041***,0.013,-0.221**,0.088,-0.384***,0.126,-0.572*,0.301,0.021***,0.001,0.002,0.125,0.092,0.063,0.056,0.065,0.002,0.068,-0.017,0.011,-0.064,0.075,-0.044,0.099,-0.135,0.219,0.021***,0.001,-0.099,0.122,0.058,0.054,-0.050,0.063,-0.071,0.057,0.055***,0.008,0.328***,0.043,0.397***,0.055,0.383***,0.113,0.020***,0.001,0.115,0.113,0.278***,0.039,0.220***,0.055,0.298***,0.041,0.062***,0.014,0.359***,0.089,0.304***,0.113,-0.538,0.341,0.017***,0.001,0.556,0.391,0.479***,0.085,-0.323,0.295,0.419***,0.083,Medicine
Endocrinology,-0.003,0.006,0.260***,0.045,0.406***,0.058,0.493***,0.12,0.028***,0.0,-0.263***,0.06,-0.566***,0.033,-0.255***,0.033,-0.737***,0.035,0.011*,0.006,0.398***,0.043,0.485***,0.055,0.575***,0.114,0.025***,0.0,-0.355***,0.072,-0.515***,0.031,-0.122***,0.035,-0.634***,0.034,0.094***,0.005,0.714***,0.03,0.908***,0.037,1.204***,0.069,0.022***,0.0,-0.031,0.061,-0.297***,0.024,-0.077**,0.034,-0.416***,0.026,0.050***,0.009,0.617***,0.055,0.780***,0.073,0.924***,0.14,0.020***,0.001,-0.604*,0.319,-0.071,0.05,-0.086,0.135,-0.316***,0.049,"Biology, Medicine"
Engineering Drawing,-0.004**,0.002,-0.080***,0.028,-0.131***,0.035,-0.090,0.066,0.012***,0.0,-0.038,0.046,0.166***,0.02,0.088***,0.023,0.238***,0.02,0.000,0.004,-0.055,0.036,-0.063,0.046,0.203**,0.089,0.014***,0.001,0.043,0.079,0.138***,0.029,0.023,0.037,0.210***,0.031,0.040***,0.005,0.167***,0.035,0.228***,0.045,0.547***,0.092,0.016***,0.001,0.211**,0.092,0.158***,0.029,0.172***,0.042,0.234***,0.03,0.066***,0.01,0.311***,0.082,0.499***,0.108,0.823***,0.23,0.014***,0.002,0.306,0.386,0.234***,0.081,0.267,0.194,0.158**,0.077,Engineering
Engineering Ethics,0.034***,0.002,0.248***,0.023,0.244***,0.028,0.249***,0.053,0.008***,0.0,0.060,0.058,0.253***,0.019,0.134***,0.03,0.302***,0.02,0.047***,0.003,0.235***,0.025,0.258***,0.031,0.217***,0.061,0.008***,0.001,0.143*,0.077,0.281***,0.024,0.087**,0.041,0.268***,0.024,0.061***,0.003,0.280***,0.023,0.257***,0.029,0.449***,0.054,0.010***,0.001,0.068,0.1,0.288***,0.023,0.193***,0.047,0.312***,0.023,0.086***,0.007,0.391***,0.045,0.547***,0.059,0.703***,0.115,0.009***,0.001,-0.329,0.454,0.234***,0.066,0.403**,0.188,0.289***,0.072,Engineering
Engineering Management,0.007***,0.002,0.171***,0.026,0.096***,0.033,0.067,0.064,0.007***,0.001,0.053,0.059,0.159***,0.022,0.084***,0.032,0.238***,0.023,0.019***,0.003,0.120***,0.031,0.099**,0.041,0.294***,0.077,0.006***,0.001,0.040,0.083,0.168***,0.03,0.081*,0.048,0.259***,0.031,0.043***,0.003,0.198***,0.027,0.213***,0.035,0.291***,0.07,0.011***,0.001,-0.128,0.111,0.133***,0.03,0.064,0.055,0.307***,0.03,0.066***,0.008,0.379***,0.061,0.492***,0.083,0.462***,0.161,0.010***,0.002,0.258,0.387,0.027,0.093,0.231,0.258,0.334***,0.098,Engineering
Engineering Physics,0.008,0.009,0.166**,0.069,0.159*,0.088,0.120,0.176,0.020***,0.001,-0.134,0.136,0.018,0.055,-0.033,0.068,0.036,0.057,-0.008,0.011,0.129,0.079,0.131,0.1,0.298*,0.179,0.020***,0.001,-0.054,0.155,0.079,0.058,-0.028,0.076,-0.026,0.061,-0.048***,0.011,-0.059,0.072,-0.062,0.093,-0.079,0.189,0.022***,0.001,-0.518**,0.205,-0.037,0.05,-0.099,0.079,-0.135***,0.052,0.003,0.024,0.050,0.145,-0.080,0.192,-0.227,0.434,0.022***,0.003,0.634,0.528,0.088,0.14,0.151,0.349,-0.164,0.136,"Engineering, Physics"
Environmental Chemistry,-0.030***,0.007,-0.097*,0.051,-0.113,0.069,-0.019,0.144,0.013***,0.001,-0.003,0.06,-0.059,0.037,-0.019,0.035,-0.121***,0.04,-0.050***,0.009,-0.212***,0.061,-0.224***,0.084,-0.046,0.167,0.013***,0.001,-0.120,0.086,-0.190***,0.04,-0.173***,0.045,-0.222***,0.044,-0.025***,0.009,-0.196***,0.058,-0.120,0.077,0.063,0.154,0.017***,0.001,-0.043,0.097,-0.147***,0.036,-0.119**,0.05,-0.162***,0.039,-0.013,0.019,-0.054,0.116,-0.144,0.166,0.137,0.324,0.018***,0.001,0.314,0.416,-0.129,0.084,0.191,0.21,-0.362***,0.082,Chemistry
Environmental Engineering,-0.062***,0.004,-0.335***,0.036,-0.267***,0.047,-0.405***,0.108,0.018***,0.0,-0.146***,0.047,-0.176***,0.026,-0.075***,0.025,-0.238***,0.028,-0.070***,0.005,-0.322***,0.04,-0.290***,0.054,-0.059,0.107,0.018***,0.0,-0.164***,0.063,-0.174***,0.028,-0.112***,0.031,-0.257***,0.032,-0.038***,0.005,-0.027,0.033,-0.008,0.044,0.031,0.094,0.021***,0.0,-0.015,0.065,-0.143***,0.023,-0.044,0.031,-0.258***,0.025,-0.047***,0.011,-0.141*,0.073,-0.059,0.097,-0.367,0.238,0.023***,0.001,-0.083,0.298,-0.078,0.053,0.063,0.133,-0.149***,0.05,"Engineering, Environmental Science"
Environmental Health,-0.021***,0.003,0.015,0.022,0.070**,0.029,0.199***,0.06,0.025***,0.0,-0.016,0.033,-0.031*,0.017,0.033*,0.017,-0.096***,0.018,-0.013***,0.003,0.009,0.021,0.047*,0.028,0.014,0.062,0.021***,0.0,-0.016,0.036,0.001,0.016,0.050***,0.019,-0.070***,0.018,0.014***,0.003,0.092***,0.015,0.121***,0.02,-0.013,0.048,0.021***,0.0,0.098***,0.037,0.020*,0.012,0.073***,0.019,-0.077***,0.013,0.021***,0.005,0.129***,0.033,0.180***,0.043,0.193**,0.092,0.021***,0.0,-0.007,0.167,0.015,0.03,0.046,0.085,-0.140***,0.03,Medicine
Environmental Planning,-0.005,0.003,-0.028,0.032,-0.014,0.04,0.011,0.078,0.007***,0.001,-0.055,0.06,0.073***,0.027,-0.022,0.03,0.144***,0.028,-0.001,0.004,-0.033,0.034,-0.088**,0.043,-0.369***,0.097,0.009***,0.001,-0.197**,0.08,0.005,0.03,-0.098***,0.037,0.003,0.031,-0.002,0.005,-0.071**,0.031,-0.068*,0.041,-0.110,0.086,0.007***,0.0,-0.214**,0.094,0.009,0.025,-0.125***,0.04,-0.044*,0.025,0.003,0.01,0.044,0.069,0.015,0.092,-0.113,0.195,0.007***,0.001,0.711**,0.293,-0.091,0.067,0.179,0.178,-0.215***,0.067,"Environmental Science, Geography"
Environmental Protection,-0.028***,0.008,-0.148*,0.085,-0.064,0.109,-0.348,0.247,0.010***,0.001,-0.077,0.119,-0.013,0.058,-0.103,0.065,-0.080,0.06,-0.033***,0.011,-0.248**,0.101,-0.345**,0.138,-0.876**,0.385,0.011***,0.001,-0.273,0.183,-0.330***,0.068,-0.136,0.087,-0.214***,0.072,-0.069***,0.013,-0.211**,0.085,-0.342***,0.121,-0.262,0.258,0.014***,0.001,-0.037,0.185,-0.144***,0.056,0.038,0.085,-0.250***,0.057,-0.052*,0.027,0.085,0.164,-0.189,0.251,-0.325,0.59,0.011***,0.002,0.456,0.73,-0.057,0.141,-0.589,0.509,-0.210,0.136,"Environmental Science, Geography"
Environmental Resource Management,-0.014***,0.003,-0.027,0.027,-0.075**,0.035,-0.104,0.072,0.007***,0.0,0.054,0.048,0.102***,0.023,-0.001,0.025,0.072***,0.023,-0.006,0.004,-0.052*,0.029,-0.062*,0.037,-0.168**,0.081,0.007***,0.0,-0.023,0.06,0.008,0.024,-0.056**,0.028,-0.041*,0.025,-0.014***,0.004,-0.055**,0.026,-0.007,0.034,0.003,0.071,0.006***,0.0,-0.065,0.068,0.009,0.019,-0.040,0.029,-0.127***,0.02,-0.009,0.009,-0.004,0.054,-0.058,0.074,-0.114,0.162,0.007***,0.001,0.272,0.264,0.027,0.047,0.098,0.129,-0.171***,0.046,"Economics, Environmental Science"
Evolutionary Biology,-0.047***,0.002,0.044***,0.015,0.171***,0.019,0.453***,0.039,0.016***,0.0,-0.309***,0.022,0.007,0.011,-0.131***,0.012,0.176***,0.011,-0.022***,0.003,0.188***,0.017,0.320***,0.023,0.645***,0.046,0.017***,0.0,-0.393***,0.031,-0.238***,0.013,-0.226***,0.016,-0.077***,0.014,0.037***,0.003,0.386***,0.015,0.450***,0.02,0.650***,0.043,0.018***,0.0,-0.209***,0.036,-0.280***,0.012,-0.090***,0.018,-0.170***,0.012,0.041***,0.005,0.445***,0.037,0.460***,0.048,0.509***,0.102,0.019***,0.001,0.181,0.155,-0.246***,0.032,0.065,0.083,-0.177***,0.032,Biology
Family Medicine,0.006,0.004,0.053*,0.031,0.012,0.041,-0.027,0.087,0.016***,0.0,0.052,0.053,0.145***,0.024,-0.050*,0.029,0.010,0.025,0.006,0.005,-0.056*,0.032,-0.033,0.041,0.029,0.084,0.014***,0.0,-0.084,0.058,0.036,0.023,-0.032,0.031,-0.059**,0.024,-0.006,0.004,-0.043*,0.025,-0.052,0.034,-0.077,0.071,0.013***,0.0,0.029,0.058,0.063***,0.019,-0.012,0.033,0.006,0.02,0.020***,0.007,0.143**,0.056,0.118,0.073,0.352***,0.132,0.012***,0.001,0.248,0.232,0.024,0.051,-0.019,0.139,-0.025,0.051,Medicine
Fishery,-0.009*,0.005,0.179***,0.04,0.241***,0.052,0.387***,0.1,0.027***,0.001,-0.315***,0.06,-0.022,0.037,-0.009,0.031,0.115***,0.039,-0.001,0.006,0.232***,0.042,0.242***,0.054,0.293***,0.111,0.025***,0.001,-0.234***,0.075,-0.107***,0.037,-0.047,0.037,0.053,0.04,0.043***,0.006,0.327***,0.037,0.343***,0.047,0.508***,0.092,0.028***,0.0,-0.059,0.083,-0.136***,0.031,-0.004,0.039,-0.096***,0.033,0.031***,0.012,0.318***,0.081,0.332***,0.104,-0.141,0.249,0.027***,0.001,0.107,0.364,-0.105,0.067,0.019,0.181,-0.148**,0.066,Biology
Food Science,-0.012***,0.004,0.046,0.036,-0.040,0.049,-0.192*,0.11,0.033***,0.0,-0.275***,0.049,-0.314***,0.029,-0.185***,0.027,-0.269***,0.032,0.003,0.005,0.079**,0.037,0.064,0.05,-0.220*,0.118,0.033***,0.0,-0.435***,0.064,-0.296***,0.029,-0.166***,0.031,-0.238***,0.033,0.054***,0.005,0.292***,0.032,0.293***,0.042,0.306***,0.089,0.033***,0.0,-0.309***,0.067,-0.304***,0.024,-0.130***,0.032,-0.354***,0.027,0.067***,0.011,0.398***,0.066,0.444***,0.088,0.370*,0.19,0.032***,0.001,-0.392,0.337,-0.280***,0.054,-0.010,0.139,-0.293***,0.052,"Biology, Chemistry"
Forensic Engineering,0.001,0.003,-0.004,0.044,0.041,0.056,0.116,0.106,0.010***,0.001,0.025,0.087,0.070*,0.037,0.057,0.043,0.183***,0.038,0.024***,0.005,0.195***,0.055,0.253***,0.068,0.296**,0.127,0.013***,0.001,0.123,0.135,0.036,0.05,0.016,0.064,0.135**,0.053,0.052***,0.006,0.342***,0.054,0.430***,0.066,0.358***,0.13,0.014***,0.001,-0.309,0.193,0.111**,0.047,-0.167**,0.078,0.107**,0.049,0.051***,0.018,0.160,0.135,0.212,0.171,0.063,0.371,0.008***,0.003,0.905,0.556,0.071,0.137,-0.175,0.372,-0.303**,0.141,Engineering
Forestry,0.002,0.005,0.126***,0.047,0.131**,0.06,0.376***,0.111,0.016***,0.001,-0.100,0.068,-0.025,0.043,0.003,0.04,0.012,0.044,0.023***,0.006,0.258***,0.048,0.305***,0.06,0.493***,0.11,0.015***,0.001,-0.091,0.09,-0.050,0.047,0.004,0.048,-0.080,0.049,0.082***,0.006,0.460***,0.04,0.637***,0.049,0.843***,0.09,0.015***,0.001,-0.040,0.098,-0.048,0.037,0.077,0.048,-0.068*,0.039,0.076***,0.013,0.387***,0.087,0.554***,0.113,0.658***,0.227,0.018***,0.001,0.303,0.402,0.164**,0.082,0.025,0.222,0.125,0.081,Geography
Gastroenterology,-0.030**,0.012,0.014,0.106,0.114,0.136,0.500**,0.247,0.020***,0.001,0.182*,0.098,-0.405***,0.067,-0.023,0.067,-0.508***,0.071,-0.020,0.014,0.066,0.104,-0.066,0.144,-0.244,0.33,0.017***,0.001,-0.385**,0.151,-0.208***,0.069,-0.071,0.078,-0.435***,0.073,0.045***,0.012,0.289***,0.078,0.188*,0.107,0.412**,0.206,0.020***,0.001,-0.234,0.151,-0.159***,0.057,-0.033,0.083,-0.292***,0.061,0.039*,0.02,0.335**,0.147,0.551***,0.187,0.580,0.377,0.022***,0.002,0.119,0.509,-0.226*,0.133,0.139,0.3,-0.192,0.124,Medicine
General Surgery,0.008,0.009,0.096,0.083,-0.080,0.113,0.224,0.2,0.014***,0.001,0.048,0.108,-0.028,0.053,0.133**,0.064,0.011,0.054,0.024***,0.009,0.187**,0.084,0.105,0.107,0.051,0.212,0.014***,0.001,-0.100,0.145,-0.093*,0.055,0.063,0.074,-0.026,0.055,0.056***,0.008,0.319***,0.071,0.371***,0.086,0.416***,0.153,0.015***,0.001,0.051,0.15,-0.086*,0.05,0.097,0.082,-0.147***,0.049,0.062***,0.014,0.528***,0.138,0.762***,0.172,0.650**,0.284,0.017***,0.002,-0.323,0.589,-0.134,0.139,0.148,0.278,0.256**,0.117,Medicine
Genetics,-0.080***,0.002,0.056***,0.014,0.257***,0.018,0.793***,0.032,0.031***,0.0,-0.325***,0.017,-0.413***,0.01,-0.214***,0.01,-0.321***,0.011,-0.037***,0.002,0.269***,0.015,0.472***,0.019,0.949***,0.034,0.029***,0.0,-0.204***,0.021,-0.387***,0.012,-0.113***,0.012,-0.344***,0.013,0.022***,0.002,0.394***,0.012,0.574***,0.015,0.940***,0.029,0.030***,0.0,0.049**,0.021,-0.310***,0.01,0.066***,0.012,-0.343***,0.01,0.045***,0.003,0.384***,0.025,0.501***,0.031,0.845***,0.06,0.031***,0.0,0.060,0.096,-0.164***,0.022,0.098*,0.053,-0.302***,0.021,Biology
Geochemistry,-0.066***,0.006,-0.043,0.067,-0.002,0.091,0.179,0.18,0.016***,0.001,-0.796***,0.074,-0.558***,0.042,-0.497***,0.041,-0.190***,0.045,-0.044***,0.007,0.286***,0.072,0.273***,0.095,0.418**,0.184,0.018***,0.001,-0.628***,0.108,-0.429***,0.052,-0.456***,0.056,-0.172***,0.055,0.071***,0.007,0.681***,0.053,0.858***,0.065,1.284***,0.112,0.022***,0.001,-0.528***,0.124,-0.388***,0.044,-0.255***,0.058,-0.406***,0.046,0.081***,0.014,0.722***,0.105,0.816***,0.139,0.859***,0.272,0.028***,0.002,0.005,0.512,-0.171,0.105,0.044,0.252,-0.331***,0.104,Geology
Geodesy,-0.009***,0.003,0.081***,0.02,0.219***,0.026,0.558***,0.052,0.012***,0.0,0.107***,0.032,0.104***,0.019,0.107***,0.018,0.149***,0.021,0.058***,0.003,0.361***,0.02,0.546***,0.026,1.161***,0.055,0.010***,0.0,0.230***,0.036,0.105***,0.019,0.127***,0.019,0.029,0.021,0.135***,0.003,0.637***,0.017,0.887***,0.023,1.378***,0.055,0.010***,0.0,0.584***,0.034,0.187***,0.014,0.326***,0.018,0.003,0.015,0.133***,0.006,0.633***,0.036,0.794***,0.048,0.899***,0.108,0.011***,0.001,0.839***,0.151,0.327***,0.031,0.512***,0.073,0.167***,0.031,"Geography, Geology"
Geometry,-0.015***,0.001,0.014**,0.007,0.103***,0.009,0.305***,0.017,0.014***,0.0,0.035***,0.011,0.123***,0.005,0.122***,0.006,0.171***,0.006,-0.002,0.001,0.120***,0.007,0.229***,0.01,0.459***,0.02,0.013***,0.0,0.026*,0.015,0.083***,0.006,0.063***,0.007,0.093***,0.007,0.031***,0.001,0.244***,0.007,0.346***,0.009,0.573***,0.018,0.013***,0.0,0.261***,0.016,0.124***,0.006,0.168***,0.008,0.068***,0.006,0.019***,0.002,0.170***,0.015,0.192***,0.02,0.237***,0.042,0.013***,0.0,0.384***,0.072,0.266***,0.014,0.315***,0.035,0.147***,0.014,Mathematics
Geomorphology,-0.044***,0.003,0.018,0.031,0.139***,0.04,0.258***,0.079,0.015***,0.0,-0.226***,0.041,-0.093***,0.026,-0.124***,0.023,-0.031,0.028,-0.015***,0.004,0.225***,0.033,0.347***,0.042,0.689***,0.077,0.014***,0.0,-0.145***,0.054,-0.031,0.028,-0.064**,0.028,-0.038,0.03,0.030***,0.004,0.430***,0.029,0.563***,0.036,0.831***,0.068,0.013***,0.0,0.047,0.062,0.015,0.024,0.006,0.03,-0.099***,0.026,0.019**,0.009,0.297***,0.064,0.348***,0.082,0.470***,0.171,0.015***,0.001,0.264,0.268,0.106**,0.054,-0.157,0.144,-0.022,0.052,Geology
Geophysics,-0.021***,0.006,0.065,0.052,0.107,0.07,0.351***,0.136,0.022***,0.001,-0.092,0.078,-0.074*,0.04,-0.021,0.038,0.032,0.047,-0.013*,0.006,0.140**,0.056,0.132*,0.074,0.107,0.159,0.019***,0.001,0.059,0.099,0.146***,0.045,-0.012,0.046,0.178***,0.052,0.015**,0.007,0.307***,0.047,0.395***,0.062,0.182,0.142,0.022***,0.001,0.277***,0.101,0.130***,0.037,0.085*,0.048,0.082*,0.042,0.004,0.014,0.217**,0.1,0.259**,0.128,-0.033,0.309,0.026***,0.001,0.760*,0.421,0.201**,0.082,0.185,0.198,0.077,0.078,"Geology, Physics"
Geotechnical Engineering,-0.010***,0.002,-0.042**,0.018,0.051**,0.022,0.128***,0.043,0.006***,0.0,-0.027,0.024,-0.043***,0.014,-0.068***,0.013,-0.074***,0.016,-0.003,0.003,0.002,0.019,0.024,0.025,0.158***,0.049,0.007***,0.0,0.017,0.033,-0.015,0.016,-0.038**,0.016,-0.090***,0.017,0.036***,0.003,0.229***,0.016,0.316***,0.021,0.500***,0.041,0.009***,0.0,0.164***,0.035,0.034***,0.013,-0.006,0.017,-0.136***,0.014,0.038***,0.006,0.180***,0.035,0.221***,0.047,0.387***,0.093,0.010***,0.0,-0.100,0.18,0.115***,0.029,-0.082,0.076,-0.076***,0.028,"Engineering, Geology"
Gerontology,0.019***,0.006,0.046,0.036,0.054,0.047,-0.110,0.105,0.012***,0.001,-0.041,0.067,0.040,0.028,-0.053,0.035,0.027,0.03,0.002,0.005,0.028,0.035,-0.060,0.047,-0.172,0.105,0.011***,0.001,-0.049,0.069,0.092***,0.027,-0.050,0.037,0.040,0.028,-0.027***,0.005,-0.171***,0.031,-0.205***,0.042,-0.651***,0.112,0.008***,0.0,-0.111,0.074,0.047**,0.021,-0.032,0.039,-0.016,0.022,-0.032***,0.009,-0.250***,0.072,-0.317***,0.094,-0.483**,0.22,0.007***,0.001,-0.549,0.415,-0.059,0.06,0.005,0.178,-0.214***,0.06,Medicine
Gynecology,-0.007,0.012,-0.066,0.092,-0.090,0.122,-0.404,0.295,0.013***,0.001,-0.057,0.123,-0.102,0.063,0.005,0.07,-0.190***,0.067,0.026**,0.013,-0.010,0.096,0.017,0.122,-0.031,0.257,0.015***,0.001,-0.133,0.163,-0.080,0.069,-0.209**,0.091,-0.130*,0.075,0.073***,0.011,0.326***,0.077,0.338***,0.096,0.394**,0.182,0.018***,0.001,0.035,0.165,0.138**,0.061,0.036,0.092,-0.079,0.063,0.063***,0.019,0.289*,0.152,0.308,0.188,0.646**,0.325,0.017***,0.002,0.934**,0.394,0.070,0.137,0.414,0.301,-0.000,0.131,Medicine
Horticulture,-0.007*,0.004,0.143***,0.046,0.084,0.061,0.225*,0.122,0.020***,0.001,-0.152***,0.05,-0.198***,0.035,0.007,0.031,-0.186***,0.038,0.019***,0.005,0.277***,0.048,0.422***,0.061,0.497***,0.123,0.020***,0.001,-0.112*,0.063,-0.153***,0.038,-0.016,0.038,-0.041,0.042,0.111***,0.005,0.796***,0.036,0.907***,0.044,1.320***,0.075,0.024***,0.0,-0.007,0.064,-0.098***,0.03,0.095***,0.036,0.033,0.033,0.118***,0.01,0.834***,0.068,0.864***,0.089,1.279***,0.15,0.030***,0.001,-0.241,0.322,0.108*,0.06,0.281**,0.141,-0.123**,0.06,Biology
Immunology,-0.064***,0.006,-0.007,0.05,0.076,0.067,0.187,0.144,0.032***,0.0,-0.309***,0.055,-0.571***,0.031,-0.223***,0.031,-0.747***,0.033,-0.038***,0.007,0.143***,0.052,0.201***,0.071,0.281*,0.153,0.030***,0.0,-0.223***,0.068,-0.559***,0.034,-0.200***,0.038,-0.673***,0.037,0.008,0.006,0.244***,0.037,0.272***,0.051,0.179,0.118,0.027***,0.0,-0.019,0.065,-0.430***,0.027,-0.021,0.036,-0.529***,0.028,0.004,0.009,0.259***,0.067,0.195**,0.098,0.288,0.206,0.028***,0.001,-0.451,0.305,-0.124**,0.057,-0.130,0.147,-0.293***,0.056,"Biology, Medicine"
Industrial Engineering,-0.005,0.004,0.012,0.042,-0.034,0.054,0.005,0.113,0.002***,0.001,-0.061,0.077,0.081***,0.031,-0.037,0.039,0.098***,0.032,-0.010,0.006,-0.008,0.05,-0.065,0.066,-0.237*,0.141,0.003***,0.001,-0.013,0.112,-0.007,0.037,-0.006,0.053,-0.052,0.038,0.038***,0.007,0.213***,0.047,0.289***,0.061,0.356***,0.129,0.009***,0.001,-0.078,0.126,0.071**,0.033,0.111**,0.056,0.104***,0.034,0.051***,0.014,0.281***,0.099,0.452***,0.138,0.820***,0.316,0.007***,0.002,-0.197,0.389,0.166*,0.099,0.383,0.289,0.200**,0.098,Engineering
Inorganic Chemistry,-0.063***,0.013,-0.171*,0.102,-0.053,0.133,-0.007,0.281,0.026***,0.001,-0.240**,0.112,-0.254***,0.062,-0.110*,0.063,-0.425***,0.067,-0.025,0.018,0.072,0.109,0.026,0.149,-0.111,0.341,0.025***,0.001,-0.119,0.14,-0.429***,0.068,-0.127,0.078,-0.420***,0.075,0.014,0.016,0.123,0.082,0.209**,0.105,-0.144,0.25,0.023***,0.001,-0.019,0.141,-0.233***,0.055,-0.075,0.075,-0.439***,0.059,0.006,0.033,0.243,0.168,0.274,0.223,,,0.022***,0.002,-0.080,0.712,-0.043,0.13,0.109,0.309,-0.427***,0.128,Chemistry
Intensive Care Medicine,-0.002,0.006,-0.017,0.044,-0.102*,0.06,-0.089,0.124,0.028***,0.001,0.087,0.074,0.014,0.031,-0.076*,0.041,-0.167***,0.032,0.027***,0.006,0.092**,0.044,0.097*,0.056,0.135,0.114,0.026***,0.001,-0.094,0.092,0.021,0.033,-0.088*,0.048,-0.192***,0.034,0.056***,0.005,0.247***,0.031,0.288***,0.039,0.127,0.084,0.025***,0.0,0.154*,0.083,0.138***,0.027,0.120***,0.045,-0.010,0.027,0.031***,0.009,0.292***,0.065,0.262***,0.081,-0.043,0.189,0.024***,0.001,0.316,0.327,0.183***,0.067,0.158,0.184,0.199***,0.064,Medicine
Internal Medecine,-0.036***,0.002,0.064***,0.014,0.109***,0.019,0.214***,0.039,0.027***,0.0,-0.040**,0.018,-0.185***,0.01,0.049***,0.01,-0.266***,0.011,-0.005***,0.002,0.178***,0.014,0.261***,0.018,0.413***,0.036,0.025***,0.0,-0.118***,0.021,-0.189***,0.01,0.009,0.011,-0.313***,0.011,0.075***,0.002,0.474***,0.009,0.585***,0.012,0.680***,0.023,0.023***,0.0,0.046**,0.02,-0.043***,0.008,0.148***,0.011,-0.157***,0.008,0.062***,0.002,0.433***,0.017,0.543***,0.022,0.725***,0.042,0.022***,0.0,0.118,0.075,0.117***,0.016,0.124***,0.042,-0.008,0.016,
Linguistics,-0.024***,0.001,-0.089***,0.007,0.025***,0.009,0.240***,0.018,0.016***,0.0,-0.071***,0.012,0.035***,0.006,0.039***,0.007,0.058***,0.006,0.006***,0.001,0.043***,0.007,0.190***,0.009,0.572***,0.018,0.014***,0.0,0.038**,0.016,-0.004,0.007,0.069***,0.008,-0.018***,0.007,0.055***,0.001,0.293***,0.006,0.439***,0.008,0.795***,0.016,0.013***,0.0,0.448***,0.016,0.170***,0.006,0.391***,0.008,0.137***,0.006,0.064***,0.002,0.410***,0.013,0.534***,0.017,0.724***,0.035,0.013***,0.0,0.618***,0.061,0.387***,0.013,0.636***,0.033,0.367***,0.013,Philosophy
Manufacturing Engineering,0.003,0.002,0.009,0.03,0.055,0.038,0.056,0.073,0.008***,0.001,-0.050,0.061,0.106***,0.024,0.028,0.03,0.156***,0.024,0.004,0.004,0.042,0.036,-0.022,0.047,-0.166*,0.098,0.008***,0.001,-0.062,0.093,0.015,0.031,-0.011,0.042,0.078**,0.031,0.030***,0.005,0.115***,0.034,0.078*,0.045,0.277***,0.089,0.011***,0.001,-0.114,0.107,0.068**,0.028,-0.099**,0.048,0.119***,0.028,0.021**,0.01,0.114,0.073,0.180*,0.098,0.230,0.192,0.013***,0.002,1.149***,0.398,0.202**,0.089,0.293,0.229,0.155*,0.084,Engineering
Marine Engineering,-0.003,0.003,-0.046,0.03,-0.134***,0.039,-0.057,0.078,0.003***,0.001,0.054,0.053,0.180***,0.029,0.077***,0.028,0.284***,0.032,-0.004,0.004,-0.065**,0.033,-0.098**,0.043,0.025,0.086,0.004***,0.001,-0.020,0.066,0.130***,0.03,0.051*,0.031,0.201***,0.034,0.018***,0.004,0.112***,0.031,0.166***,0.04,0.334***,0.08,0.005***,0.0,0.071,0.07,0.126***,0.025,0.053*,0.031,0.107***,0.028,0.022**,0.009,0.190***,0.063,0.193**,0.083,0.375**,0.171,0.006***,0.001,0.592**,0.259,0.126**,0.058,0.105,0.128,0.067,0.054,Engineering
Mathematical Physics,-0.011***,0.003,0.081***,0.024,0.141***,0.032,0.252***,0.066,0.011***,0.0,0.150***,0.041,0.130***,0.02,0.171***,0.021,0.190***,0.023,-0.006,0.004,0.126***,0.027,0.171***,0.036,0.594***,0.068,0.011***,0.0,0.043,0.059,0.070***,0.024,0.097***,0.028,0.041,0.026,0.008**,0.004,0.141***,0.026,0.250***,0.034,0.586***,0.064,0.011***,0.0,0.260***,0.067,0.067***,0.022,0.103***,0.032,-0.031,0.023,-0.023***,0.008,-0.071,0.062,-0.005,0.081,0.208,0.162,0.012***,0.001,0.471,0.298,0.241***,0.059,0.088,0.142,0.010,0.059,"Mathematics, Physics"
Mechanical Engineering,-0.029***,0.001,-0.112***,0.008,-0.069***,0.011,-0.001,0.022,0.009***,0.0,-0.049***,0.014,0.076***,0.007,0.071***,0.007,0.188***,0.007,-0.018***,0.001,0.005,0.009,0.084***,0.012,0.208***,0.024,0.010***,0.0,-0.075***,0.019,0.027***,0.007,0.045***,0.009,0.103***,0.008,0.016***,0.001,0.144***,0.008,0.189***,0.01,0.267***,0.021,0.011***,0.0,0.063***,0.02,0.052***,0.006,0.096***,0.009,0.066***,0.007,0.019***,0.002,0.161***,0.017,0.176***,0.024,0.226***,0.047,0.013***,0.0,0.025,0.082,0.108***,0.016,0.176***,0.04,0.063***,0.016,Engineering
Mechanics,-0.028***,0.002,-0.143***,0.016,-0.115***,0.021,-0.084*,0.046,0.012***,0.0,0.064***,0.025,0.079***,0.011,-0.001,0.011,0.043***,0.013,-0.030***,0.002,-0.080***,0.018,-0.059**,0.024,-0.047,0.053,0.012***,0.0,0.051,0.033,0.110***,0.013,0.017,0.014,0.079***,0.015,-0.021***,0.002,-0.028*,0.017,-0.009,0.022,0.098**,0.047,0.012***,0.0,0.137***,0.036,0.106***,0.011,0.007,0.015,0.007,0.012,-0.012**,0.005,0.034,0.037,0.033,0.047,0.031,0.103,0.012***,0.0,-0.327*,0.182,0.040,0.029,-0.038,0.069,-0.071***,0.026,Physics
Medical Education,0.024***,0.002,0.188***,0.019,0.200***,0.024,0.126***,0.049,0.006***,0.0,-0.040,0.04,0.112***,0.015,-0.023,0.021,0.120***,0.015,0.032***,0.002,0.166***,0.019,0.175***,0.024,0.323***,0.045,0.004***,0.0,-0.022,0.045,0.115***,0.016,-0.041*,0.024,0.064***,0.016,0.035***,0.002,0.152***,0.015,0.194***,0.019,0.323***,0.038,0.004***,0.0,-0.029,0.051,0.081***,0.013,-0.028,0.026,0.050***,0.014,0.039***,0.004,0.198***,0.033,0.296***,0.043,0.567***,0.082,0.004***,0.001,0.255,0.177,0.009,0.038,-0.029,0.109,-0.042,0.043,Medicine
Medical Emergency,-0.009*,0.005,0.022,0.041,0.037,0.053,-0.162,0.119,0.020***,0.001,0.077,0.073,0.176***,0.032,0.088**,0.036,0.177***,0.033,0.012**,0.006,0.056,0.041,0.059,0.052,0.248**,0.101,0.017***,0.001,-0.093,0.088,0.082**,0.032,0.033,0.041,0.083**,0.034,0.029***,0.006,0.143***,0.032,0.159***,0.042,0.266***,0.085,0.017***,0.001,0.181**,0.092,0.148***,0.028,0.129***,0.045,0.182***,0.029,0.041***,0.01,0.328***,0.073,0.393***,0.091,0.259,0.187,0.017***,0.001,0.085,0.426,0.229***,0.074,-0.173,0.222,0.159**,0.074,Medicine
Medical Physics,-0.001,0.004,0.060*,0.033,0.020,0.043,0.068,0.087,0.009***,0.001,0.295***,0.042,0.524***,0.025,0.396***,0.026,0.642***,0.027,0.023***,0.005,0.185***,0.035,0.190***,0.045,0.182*,0.093,0.008***,0.001,0.097*,0.051,0.318***,0.026,0.255***,0.03,0.429***,0.027,0.091***,0.005,0.480***,0.031,0.585***,0.04,0.661***,0.08,0.010***,0.001,0.151**,0.06,0.348***,0.025,0.269***,0.034,0.479***,0.025,0.093***,0.01,0.476***,0.058,0.494***,0.08,0.521***,0.163,0.009***,0.001,0.262,0.25,0.290***,0.057,0.299**,0.129,0.483***,0.055,"Medicine, Physics"
Medicinal Chemistry,-0.045**,0.022,-0.220,0.2,-0.457,0.3,-0.221,0.584,0.012***,0.001,-0.154,0.174,-0.292***,0.113,-0.101,0.127,-0.327***,0.114,0.000,0.033,0.095,0.251,0.211,0.322,0.124,0.717,0.017***,0.002,0.143,0.264,-0.319**,0.159,0.052,0.19,-0.430***,0.161,0.038,0.039,-0.355,0.353,-1.164,0.717,-9.663,113.904,0.019***,0.002,-0.083,0.458,0.035,0.19,-0.114,0.306,-0.266,0.186,0.168*,0.101,0.022,0.632,0.677,0.635,1.917**,0.759,0.015***,0.006,1.558,1.032,-0.011,0.489,0.700,1.028,0.673,0.458,Chemistry
Metallurgy,-0.043***,0.002,-0.175***,0.022,-0.116***,0.029,-0.069,0.06,0.023***,0.0,-0.253***,0.03,-0.189***,0.015,-0.068***,0.015,-0.153***,0.017,-0.052***,0.003,-0.039,0.025,-0.059*,0.034,-0.074,0.075,0.021***,0.0,-0.142***,0.038,-0.110***,0.017,-0.091***,0.019,-0.075***,0.019,-0.014***,0.003,0.065***,0.022,0.035,0.031,0.035,0.066,0.022***,0.0,-0.076*,0.04,-0.030**,0.014,0.042**,0.019,-0.060***,0.016,-0.017**,0.007,0.017,0.046,-0.010,0.063,0.077,0.135,0.023***,0.0,-0.280,0.196,0.019,0.033,0.071,0.08,-0.131***,0.031,Materials Science
Meteorology,-0.020***,0.002,-0.000,0.016,0.072***,0.02,0.253***,0.04,0.015***,0.0,0.028,0.025,0.059***,0.013,0.058***,0.013,0.089***,0.015,-0.022***,0.002,0.038**,0.016,0.137***,0.021,0.405***,0.041,0.013***,0.0,0.070**,0.031,0.105***,0.014,0.089***,0.015,0.125***,0.016,0.017***,0.002,0.266***,0.014,0.380***,0.017,0.627***,0.035,0.014***,0.0,0.269***,0.031,0.118***,0.011,0.151***,0.015,0.075***,0.012,0.011**,0.004,0.181***,0.029,0.227***,0.039,0.466***,0.079,0.014***,0.0,0.378***,0.135,0.241***,0.026,0.202***,0.064,0.111***,0.025,"Geography, Physics"
Microbiology,-0.095***,0.007,-0.196***,0.065,0.001,0.084,0.399**,0.159,0.040***,0.001,-0.478***,0.07,-0.695***,0.04,-0.317***,0.041,-0.464***,0.044,-0.037***,0.008,0.119*,0.067,0.322***,0.085,0.706***,0.16,0.039***,0.001,-0.633***,0.102,-0.642***,0.047,-0.387***,0.054,-0.614***,0.05,0.025***,0.008,0.373***,0.05,0.520***,0.064,0.879***,0.118,0.039***,0.001,-0.750***,0.125,-0.660***,0.039,-0.154***,0.054,-0.619***,0.041,0.037**,0.015,0.404***,0.111,0.499***,0.139,1.217***,0.23,0.038***,0.001,0.422,0.36,-0.385***,0.092,-0.029,0.235,-0.315***,0.087,Biology
Mineralogy,-0.022***,0.007,0.034,0.059,-0.038,0.08,0.075,0.163,0.023***,0.001,-0.161**,0.074,-0.073,0.047,-0.057,0.042,-0.058,0.052,-0.024***,0.009,0.042,0.068,-0.024,0.094,0.003,0.201,0.024***,0.001,-0.402***,0.112,0.006,0.053,-0.114**,0.053,-0.006,0.059,0.008,0.009,0.174***,0.062,0.165**,0.083,0.328**,0.167,0.024***,0.001,-0.186,0.117,-0.056,0.044,-0.022,0.057,-0.107**,0.048,0.005,0.02,0.020,0.137,-0.354,0.226,0.034,0.418,0.026***,0.001,-1.329,1.005,-0.252**,0.105,-0.229,0.275,-0.337***,0.099,"Chemistry, Geology"
Mining Engineering,-0.001,0.003,-0.084,0.056,0.056,0.072,0.339***,0.128,0.013***,0.001,-0.079,0.071,-0.112***,0.042,-0.121***,0.041,0.052,0.044,0.009,0.007,0.040,0.068,0.030,0.087,0.166,0.162,0.013***,0.001,-0.365***,0.129,-0.138***,0.051,-0.136**,0.06,0.043,0.055,0.054***,0.008,0.252***,0.056,0.341***,0.069,0.453***,0.134,0.017***,0.001,0.050,0.126,-0.050,0.045,-0.061,0.063,-0.037,0.047,0.038**,0.017,0.261**,0.113,0.083,0.152,-0.293,0.378,0.017***,0.002,0.964**,0.477,0.257**,0.105,0.578**,0.232,0.056,0.103,"Engineering, Geology"
Molecular Biology,-0.020,0.014,0.201*,0.113,0.240,0.148,0.541**,0.273,0.027***,0.001,-0.437***,0.112,-0.803***,0.086,-0.384***,0.074,-0.753***,0.093,0.030*,0.018,0.346***,0.133,0.619***,0.16,0.824***,0.31,0.029***,0.001,-0.888***,0.202,-1.002***,0.102,-0.315***,0.101,-0.985***,0.109,0.076***,0.022,0.744***,0.118,0.850***,0.152,1.222***,0.278,0.029***,0.001,-0.158,0.204,-0.800***,0.103,-0.060,0.12,-0.962***,0.106,0.024,0.019,0.212,0.231,0.488*,0.263,0.674,0.516,0.030***,0.003,,,-0.507**,0.221,0.035,0.465,-1.053***,0.236,Biology
Molecular Physics,-0.005,0.014,0.061,0.086,0.076,0.116,-0.048,0.264,0.011***,0.001,0.001,0.113,-0.000,0.062,-0.084,0.059,-0.055,0.079,0.048**,0.019,0.263**,0.108,0.134,0.15,-0.143,0.362,0.015***,0.001,-0.089,0.183,-0.148*,0.078,-0.104,0.087,-0.207**,0.095,0.022,0.02,0.254**,0.119,0.185,0.163,0.277,0.345,0.014***,0.001,-0.201,0.264,-0.281***,0.081,-0.038,0.115,-0.299***,0.088,0.019,0.045,0.206,0.278,-0.225,0.465,-0.242,1.016,0.019***,0.003,0.660,1.031,-0.150,0.238,0.348,0.52,-0.388*,0.228,"Chemistry, Physics"
Nanotechnology,-0.062***,0.003,-0.164***,0.022,-0.094***,0.029,-0.023,0.061,0.025***,0.0,-0.132***,0.028,-0.028*,0.015,-0.029**,0.015,-0.044**,0.017,-0.053***,0.004,0.073***,0.023,0.171***,0.03,0.460***,0.055,0.028***,0.0,-0.119***,0.034,-0.022,0.016,0.012,0.017,-0.049***,0.018,-0.015***,0.004,0.197***,0.019,0.294***,0.024,0.357***,0.048,0.030***,0.0,-0.143***,0.037,-0.029**,0.013,0.110***,0.016,-0.164***,0.014,-0.015**,0.007,0.037,0.038,0.060,0.051,0.010,0.109,0.029***,0.0,0.067,0.148,0.026,0.028,0.236***,0.064,-0.118***,0.027,Materials Science
Neuroscience,-0.042***,0.002,0.127***,0.011,0.236***,0.014,0.424***,0.028,0.018***,0.0,-0.072***,0.016,0.048***,0.008,0.028***,0.008,0.150***,0.009,-0.030***,0.002,0.096***,0.011,0.206***,0.015,0.437***,0.03,0.015***,0.0,-0.079***,0.02,0.005,0.009,0.029***,0.01,0.062***,0.01,0.010***,0.002,0.201***,0.009,0.283***,0.013,0.487***,0.026,0.014***,0.0,-0.056**,0.024,-0.014*,0.007,0.103***,0.011,-0.003,0.008,0.047***,0.003,0.375***,0.021,0.489***,0.027,0.702***,0.056,0.014***,0.0,-0.034,0.105,0.042**,0.019,0.208***,0.049,-0.018,0.018,"Biology, Psychology"
Nuclear Chemistry,-0.078***,0.02,-0.408**,0.177,-0.456*,0.248,-0.315,0.506,0.022***,0.002,-0.127,0.166,-0.093,0.115,-0.019,0.102,-0.138,0.129,-0.137***,0.028,-0.405*,0.208,-0.496*,0.299,-0.645,0.713,0.022***,0.002,-0.409,0.265,-0.017,0.132,-0.057,0.135,0.114,0.157,-0.080***,0.029,-0.128,0.189,-0.170,0.267,-0.119,0.582,0.022***,0.001,-0.062,0.264,-0.103,0.107,-0.146,0.152,-0.119,0.118,-0.094,0.06,-0.270,0.382,-0.310,0.522,,,0.028***,0.003,0.360,1.008,0.062,0.232,0.928**,0.426,-0.081,0.227,Chemistry
Nuclear Engineering,-0.022***,0.005,-0.183***,0.056,-0.266***,0.075,-0.286*,0.159,0.012***,0.001,-0.122,0.084,-0.030,0.042,-0.194***,0.043,-0.071,0.046,-0.039***,0.007,-0.187***,0.064,-0.281***,0.088,-0.932***,0.256,0.014***,0.001,-0.010,0.1,-0.024,0.047,-0.010,0.049,-0.139***,0.052,-0.033***,0.009,-0.135**,0.063,-0.158*,0.084,-0.339*,0.195,0.017***,0.001,0.072,0.113,0.083**,0.042,-0.079,0.055,-0.077*,0.047,-0.050**,0.019,-0.339**,0.14,-0.604***,0.225,-0.775,0.51,0.022***,0.002,-0.844,0.716,-0.146,0.109,-0.296,0.276,-0.416***,0.103,Engineering
Nuclear Magnetic Resonance,0.036***,0.005,0.300***,0.036,0.372***,0.047,0.658***,0.09,0.016***,0.0,-0.006,0.05,0.115***,0.029,0.226***,0.026,0.117***,0.034,0.009,0.007,0.185***,0.046,0.216***,0.06,0.540***,0.116,0.016***,0.001,0.201***,0.064,0.109***,0.035,0.211***,0.035,0.104***,0.039,-0.002,0.007,0.082*,0.046,0.119*,0.062,0.287**,0.124,0.020***,0.001,0.280***,0.078,0.149***,0.032,0.239***,0.041,0.131***,0.035,-0.047***,0.014,-0.291**,0.116,-0.382**,0.16,-0.220,0.319,0.020***,0.001,0.483,0.367,0.085,0.076,0.266,0.178,-0.047,0.073,Physics
Nuclear Medicine,-0.050***,0.003,-0.132***,0.026,-0.075**,0.034,0.050,0.071,0.011***,0.0,0.284***,0.023,0.193***,0.019,0.336***,0.016,0.213***,0.02,-0.026***,0.004,-0.052*,0.027,-0.039,0.037,-0.002,0.078,0.009***,0.0,0.074**,0.03,0.126***,0.019,0.190***,0.018,0.113***,0.02,0.076***,0.004,0.474***,0.023,0.599***,0.03,0.756***,0.06,0.011***,0.0,0.110***,0.039,0.218***,0.018,0.230***,0.021,0.169***,0.019,0.067***,0.007,0.379***,0.048,0.435***,0.068,0.224,0.146,0.011***,0.001,0.049,0.17,0.289***,0.039,0.240***,0.09,0.246***,0.039,Medicine
Nuclear Physics,-0.005,0.004,0.113***,0.032,0.120***,0.042,0.147*,0.089,0.020***,0.0,0.050,0.045,0.122***,0.023,0.096***,0.023,0.164***,0.026,-0.011**,0.005,0.074*,0.038,0.051,0.052,0.031,0.112,0.021***,0.0,-0.010,0.062,0.074***,0.027,0.094***,0.03,0.087***,0.03,0.000,0.005,0.140***,0.037,0.087*,0.052,-0.107,0.12,0.024***,0.0,0.012,0.074,0.035,0.025,-0.025,0.037,-0.011,0.027,-0.003,0.01,0.160**,0.078,0.067,0.117,-0.227,0.267,0.025***,0.001,-0.165,0.363,0.008,0.066,0.183,0.155,0.013,0.062,Physics
Nursing,0.007**,0.003,0.043**,0.021,0.052*,0.027,0.246***,0.052,0.013***,0.0,-0.149***,0.038,-0.042***,0.015,-0.108***,0.02,-0.174***,0.016,0.007**,0.003,-0.005,0.021,0.033,0.027,0.236***,0.052,0.012***,0.0,-0.172***,0.041,-0.098***,0.015,-0.164***,0.022,-0.203***,0.016,-0.002,0.003,-0.026,0.017,0.007,0.023,0.072,0.048,0.014***,0.0,-0.138***,0.043,-0.130***,0.013,-0.086***,0.023,-0.218***,0.013,0.015***,0.005,0.070**,0.036,0.068,0.052,0.132,0.102,0.014***,0.001,0.211,0.172,-0.121***,0.036,-0.120,0.104,-0.210***,0.036,Medicine
Obstetrics,-0.040***,0.013,-0.296***,0.103,-0.379***,0.144,-0.316,0.307,0.018***,0.001,0.188,0.136,0.010,0.069,0.075,0.076,-0.137*,0.075,-0.030**,0.013,-0.257**,0.101,-0.192,0.132,-0.372,0.298,0.017***,0.001,-0.003,0.181,0.027,0.071,0.212**,0.084,-0.136*,0.079,0.054***,0.011,0.290***,0.073,0.316***,0.092,0.418**,0.177,0.022***,0.001,0.274,0.173,0.069,0.058,0.082,0.094,-0.046,0.062,0.007,0.018,-0.120,0.163,-0.084,0.214,0.089,0.398,0.025***,0.002,0.827,0.515,-0.067,0.144,0.544*,0.313,-0.050,0.132,Medicine
Oceanography,-0.042***,0.003,-0.026,0.021,0.087***,0.027,0.328***,0.052,0.020***,0.0,-0.121***,0.029,0.068***,0.017,0.052***,0.015,0.140***,0.019,-0.024***,0.003,0.159***,0.021,0.245***,0.027,0.584***,0.05,0.019***,0.0,-0.070*,0.037,0.058***,0.017,0.051***,0.018,0.108***,0.02,0.015***,0.003,0.328***,0.017,0.431***,0.022,0.710***,0.043,0.019***,0.0,0.238***,0.037,0.108***,0.014,0.161***,0.018,0.060***,0.016,0.002,0.005,0.159***,0.035,0.162***,0.05,0.159,0.106,0.019***,0.0,0.294*,0.159,0.226***,0.03,0.329***,0.069,0.005,0.029,Geology
Oncology,-0.055***,0.01,-0.001,0.076,-0.144,0.105,-0.409,0.257,0.020***,0.001,-0.225***,0.087,-0.275***,0.048,-0.076,0.052,-0.381***,0.05,-0.038***,0.009,-0.070,0.072,0.069,0.092,-0.127,0.212,0.021***,0.001,-0.058,0.075,-0.177***,0.044,-0.050,0.049,-0.300***,0.047,0.018***,0.006,0.336***,0.036,0.425***,0.047,0.079,0.121,0.015***,0.0,0.308***,0.053,0.234***,0.029,0.305***,0.034,0.117***,0.032,0.004,0.007,0.191***,0.054,0.155**,0.074,-0.101,0.175,0.016***,0.001,-0.014,0.194,0.288***,0.05,0.151,0.11,0.236***,0.049,Medicine
Operations Management,0.010***,0.002,0.055***,0.015,0.073***,0.019,0.203***,0.038,0.006***,0.0,0.074**,0.031,0.132***,0.014,0.104***,0.016,0.242***,0.014,0.028***,0.002,0.066***,0.017,0.154***,0.021,0.313***,0.043,0.007***,0.0,0.059,0.04,0.082***,0.016,0.091***,0.019,0.150***,0.016,0.057***,0.002,0.181***,0.015,0.236***,0.02,0.474***,0.04,0.009***,0.0,0.317***,0.042,0.168***,0.014,0.197***,0.02,0.179***,0.014,0.065***,0.005,0.239***,0.032,0.258***,0.046,0.369***,0.093,0.010***,0.001,0.386**,0.17,0.321***,0.035,0.266***,0.09,0.305***,0.035,"Economics, Engineering"
Operations Research,-0.010***,0.002,-0.067***,0.017,-0.027,0.022,0.056,0.045,0.004***,0.0,-0.019,0.03,0.070***,0.014,-0.083***,0.016,0.089***,0.014,0.000,0.003,-0.071***,0.02,-0.028,0.026,0.122**,0.053,0.003***,0.0,-0.110***,0.04,0.012,0.015,-0.167***,0.019,-0.000,0.016,0.035***,0.003,0.181***,0.018,0.241***,0.024,0.376***,0.05,0.006***,0.0,0.157***,0.042,0.037***,0.014,-0.055***,0.02,-0.078***,0.014,0.037***,0.006,0.236***,0.041,0.332***,0.053,0.608***,0.114,0.007***,0.001,0.367**,0.155,0.054,0.035,0.018,0.092,-0.105***,0.035,"Engineering, Mathematics"
Ophthalmology,-0.022***,0.005,0.020,0.043,0.063,0.056,0.484***,0.1,0.024***,0.001,-0.011,0.061,-0.015,0.035,0.171***,0.032,0.034,0.037,0.024***,0.005,0.264***,0.041,0.400***,0.051,0.736***,0.091,0.020***,0.001,0.075,0.072,-0.004,0.035,0.099***,0.036,-0.010,0.038,0.148***,0.005,0.761***,0.028,1.006***,0.035,1.338***,0.063,0.018***,0.0,0.168**,0.07,0.002,0.026,0.238***,0.033,-0.029,0.028,0.141***,0.009,0.806***,0.06,0.944***,0.074,1.395***,0.143,0.016***,0.001,0.868***,0.241,0.320***,0.056,0.393***,0.132,0.110**,0.055,Medicine
Optics,-0.031***,0.001,-0.037***,0.008,0.032***,0.011,0.209***,0.023,0.022***,0.0,0.076***,0.012,0.132***,0.006,0.191***,0.006,0.135***,0.008,-0.035***,0.001,0.055***,0.01,0.121***,0.013,0.297***,0.026,0.022***,0.0,0.054***,0.016,0.104***,0.007,0.156***,0.008,0.071***,0.008,-0.000,0.001,0.139***,0.009,0.220***,0.011,0.479***,0.023,0.023***,0.0,0.173***,0.018,0.095***,0.007,0.206***,0.009,-0.020***,0.007,0.006**,0.003,0.074***,0.018,0.102***,0.025,0.154***,0.053,0.024***,0.0,0.351***,0.078,0.199***,0.016,0.325***,0.036,0.012,0.015,Physics
Optoelectronics,-0.052***,0.003,-0.152***,0.02,-0.153***,0.028,-0.160**,0.063,0.020***,0.0,0.011,0.026,0.101***,0.015,0.105***,0.013,0.131***,0.018,-0.072***,0.003,-0.002,0.024,0.094***,0.033,0.153**,0.068,0.023***,0.0,-0.048,0.036,0.125***,0.017,0.116***,0.017,0.125***,0.019,-0.026***,0.003,0.192***,0.021,0.284***,0.027,0.412***,0.053,0.025***,0.0,-0.026,0.04,0.104***,0.014,0.197***,0.018,0.049***,0.016,-0.028***,0.007,0.002,0.045,-0.002,0.059,-0.142,0.131,0.025***,0.0,0.168,0.166,0.074**,0.032,0.248***,0.071,-0.009,0.03,"Materials Science, Physics"
Optometry,-0.022***,0.005,-0.105**,0.051,-0.098,0.065,-0.201,0.139,0.022***,0.001,0.084,0.075,0.149***,0.04,0.148***,0.041,0.208***,0.041,0.010**,0.005,0.106**,0.051,0.144**,0.064,0.309**,0.121,0.020***,0.001,0.182*,0.094,0.165***,0.042,0.180***,0.048,0.209***,0.044,0.095***,0.005,0.494***,0.041,0.702***,0.05,1.135***,0.093,0.016***,0.001,0.282***,0.101,0.144***,0.036,0.292***,0.049,0.246***,0.037,0.097***,0.012,0.503***,0.086,0.665***,0.12,1.071***,0.231,0.013***,0.002,0.784*,0.403,0.218**,0.089,0.224,0.223,0.098,0.088,Medicine
Organic Chemistry,-0.064***,0.002,-0.143***,0.016,-0.084***,0.021,0.136***,0.041,0.031***,0.0,-0.270***,0.019,-0.252***,0.011,-0.088***,0.011,-0.265***,0.012,-0.057***,0.002,0.016,0.017,0.127***,0.023,0.399***,0.044,0.031***,0.0,-0.218***,0.025,-0.224***,0.012,-0.093***,0.013,-0.262***,0.013,-0.027***,0.002,0.178***,0.015,0.296***,0.019,0.570***,0.037,0.032***,0.0,-0.129***,0.028,-0.184***,0.01,0.053***,0.014,-0.272***,0.011,-0.007,0.005,0.108***,0.032,0.152***,0.042,0.234***,0.088,0.033***,0.0,0.276***,0.104,-0.087***,0.023,0.126**,0.056,-0.272***,0.023,Chemistry
Orthodontics,-0.017***,0.006,-0.037,0.043,-0.062,0.058,0.053,0.117,0.023***,0.001,0.010,0.063,0.049,0.037,0.003,0.034,0.016,0.042,0.039***,0.006,0.206***,0.044,0.291***,0.056,0.629***,0.101,0.020***,0.001,0.034,0.081,0.029,0.038,0.025,0.038,-0.005,0.044,0.138***,0.005,0.694***,0.034,0.885***,0.042,1.524***,0.068,0.021***,0.0,0.176**,0.086,0.135***,0.031,0.043,0.039,0.038,0.035,0.145***,0.01,0.879***,0.067,0.869***,0.087,1.238***,0.165,0.021***,0.001,0.186,0.4,0.252***,0.067,0.419***,0.148,0.126**,0.064,Medicine
Paleontology,-0.050***,0.001,0.062***,0.01,0.183***,0.013,0.421***,0.025,0.028***,0.0,-0.459***,0.016,-0.269***,0.008,-0.292***,0.008,-0.286***,0.008,-0.017***,0.001,0.177***,0.01,0.327***,0.013,0.681***,0.025,0.025***,0.0,-0.303***,0.019,-0.248***,0.008,-0.246***,0.01,-0.324***,0.009,0.052***,0.001,0.412***,0.008,0.545***,0.01,0.908***,0.021,0.023***,0.0,-0.091***,0.02,-0.174***,0.007,-0.056***,0.01,-0.294***,0.007,0.067***,0.002,0.441***,0.016,0.568***,0.023,0.801***,0.044,0.024***,0.0,0.069,0.084,-0.036**,0.016,0.102**,0.043,-0.182***,0.016,"Biology, Geology"
Particle Physics,-0.011*,0.006,0.082,0.053,0.052,0.071,0.184,0.143,0.021***,0.001,0.184**,0.083,0.221***,0.043,0.205***,0.043,0.253***,0.049,-0.002,0.008,0.148**,0.059,0.219***,0.078,0.082,0.174,0.020***,0.001,-0.092,0.12,0.066,0.047,0.103**,0.053,0.083,0.054,0.013,0.008,0.264***,0.054,0.392***,0.07,0.785***,0.127,0.025***,0.001,0.318***,0.116,0.125***,0.043,0.028,0.06,0.160***,0.047,0.010,0.016,0.104,0.117,0.125,0.151,0.376,0.289,0.027***,0.002,0.184,0.528,0.117,0.104,-0.128,0.264,-0.046,0.101,Physics
Pathology,-0.035***,0.002,0.066***,0.015,0.132***,0.02,0.290***,0.04,0.030***,0.0,-0.079***,0.021,-0.200***,0.011,-0.048***,0.011,-0.305***,0.012,0.009***,0.002,0.207***,0.015,0.287***,0.019,0.500***,0.037,0.027***,0.0,-0.063**,0.024,-0.207***,0.011,-0.017,0.013,-0.321***,0.012,0.088***,0.002,0.410***,0.009,0.491***,0.012,0.569***,0.024,0.024***,0.0,0.099***,0.024,-0.122***,0.009,0.135***,0.012,-0.242***,0.009,0.067***,0.003,0.386***,0.019,0.447***,0.024,0.574***,0.05,0.023***,0.0,0.215**,0.094,0.036*,0.02,0.178***,0.049,-0.108***,0.019,Medicine
Pediatrics,-0.002,0.01,-0.058,0.067,-0.157*,0.093,-0.279,0.21,0.023***,0.001,-0.034,0.103,0.076,0.05,0.068,0.053,-0.155***,0.052,0.009,0.01,-0.054,0.069,-0.218**,0.095,-0.485**,0.23,0.021***,0.001,-0.127,0.12,0.005,0.049,-0.029,0.061,-0.192***,0.052,0.015*,0.008,-0.016,0.052,-0.126*,0.071,-0.619***,0.187,0.021***,0.001,-0.040,0.119,0.041,0.038,0.128**,0.059,-0.047,0.04,0.026*,0.014,0.048,0.112,0.010,0.144,-0.073,0.324,0.024***,0.001,-0.777,0.712,-0.132,0.1,-0.576,0.358,-0.041,0.092,Medicine
Petroleum Engineering,-0.029***,0.003,-0.192***,0.035,-0.219***,0.045,-0.270***,0.091,0.015***,0.001,-0.153**,0.063,-0.101***,0.034,-0.207***,0.033,-0.139***,0.038,-0.032***,0.005,-0.232***,0.042,-0.191***,0.055,-0.006,0.107,0.019***,0.001,-0.115,0.086,-0.126***,0.038,-0.223***,0.042,-0.269***,0.043,0.017***,0.005,0.149***,0.036,0.240***,0.046,0.310***,0.092,0.021***,0.001,0.047,0.095,0.091***,0.032,-0.133***,0.043,-0.152***,0.035,0.032***,0.011,0.165**,0.077,0.256**,0.102,0.432**,0.2,0.026***,0.001,0.006,0.438,0.151*,0.079,-0.213,0.223,-0.079,0.074,"Engineering, Geology"
Petrology,-0.050***,0.009,0.201**,0.099,0.371***,0.131,0.013,0.343,0.023***,0.001,-0.737***,0.121,-0.528***,0.068,-0.471***,0.063,-0.230***,0.084,-0.025**,0.012,0.418***,0.101,0.386***,0.136,0.431,0.28,0.022***,0.001,-0.815***,0.197,-0.547***,0.075,-0.368***,0.081,-0.308***,0.085,0.155***,0.011,1.051***,0.065,1.266***,0.078,1.940***,0.133,0.026***,0.001,-0.193,0.17,-0.263***,0.059,-0.089,0.075,-0.155**,0.066,0.123***,0.021,0.897***,0.128,1.004***,0.168,1.500***,0.279,0.030***,0.002,0.287,0.737,-0.347**,0.135,0.074,0.317,-0.270**,0.124,Geology
Pharmacology,-0.043***,0.007,-0.068,0.059,0.096,0.076,0.409***,0.141,0.034***,0.001,-0.464***,0.077,-0.510***,0.038,-0.358***,0.042,-0.676***,0.038,-0.011,0.007,0.268***,0.056,0.539***,0.067,0.946***,0.117,0.029***,0.001,-0.234***,0.08,-0.504***,0.041,-0.228***,0.047,-0.668***,0.041,-0.003,0.007,0.405***,0.041,0.553***,0.052,0.951***,0.094,0.031***,0.0,0.017,0.079,-0.435***,0.034,0.056,0.045,-0.625***,0.035,-0.013,0.011,0.331***,0.08,0.379***,0.111,0.614***,0.207,0.029***,0.001,0.442*,0.265,-0.181**,0.074,0.140,0.178,-0.603***,0.077,"Biology, Medicine"
Photochemistry,-0.054**,0.025,-0.109,0.171,-0.241,0.25,-1.457,1.002,0.022***,0.001,-0.139,0.166,-0.346***,0.113,-0.133,0.104,-0.447***,0.121,0.028,0.029,0.273*,0.149,0.283,0.197,0.698**,0.341,0.025***,0.002,0.014,0.188,-0.139,0.119,0.103,0.111,-0.457***,0.12,-0.008,0.026,-0.070,0.134,-0.186,0.191,0.219,0.34,0.022***,0.001,-0.201,0.218,-0.207**,0.091,0.098,0.107,-0.479***,0.093,0.147***,0.051,0.344,0.225,0.161,0.316,0.517,0.588,0.018***,0.002,-0.137,1.007,-0.145,0.184,0.011,0.457,-0.395**,0.182,Chemistry
Physical Chemistry,-0.068***,0.004,-0.159***,0.03,-0.132***,0.041,-0.054,0.087,0.028***,0.0,-0.309***,0.04,-0.081***,0.021,0.007,0.02,-0.093***,0.024,-0.081***,0.005,-0.010,0.035,0.001,0.048,0.009,0.105,0.027***,0.0,-0.334***,0.051,-0.120***,0.022,-0.044*,0.024,-0.098***,0.026,-0.079***,0.005,-0.037,0.032,0.014,0.044,-0.199*,0.104,0.028***,0.0,-0.228***,0.055,-0.113***,0.019,-0.014,0.025,-0.228***,0.02,-0.059***,0.01,-0.031,0.061,-0.134,0.09,-0.195,0.204,0.030***,0.001,0.002,0.223,-0.039,0.041,0.060,0.1,-0.273***,0.039,Chemistry
Physical Geography,-0.013**,0.006,-0.058,0.046,-0.027,0.058,0.130,0.113,0.007***,0.001,-0.225***,0.066,0.159***,0.04,-0.031,0.036,0.287***,0.044,0.001,0.006,0.082*,0.046,0.137**,0.058,0.148,0.12,0.006***,0.001,-0.012,0.077,0.142***,0.042,-0.005,0.04,0.183***,0.045,-0.005,0.007,0.067,0.041,0.060,0.054,0.201*,0.11,0.007***,0.0,0.135,0.085,0.078**,0.032,0.066,0.042,0.055,0.036,-0.001,0.015,0.029,0.093,-0.016,0.124,-0.055,0.271,0.006***,0.001,0.150,0.471,0.105,0.07,-0.098,0.215,-0.057,0.069,Geography
Physical Medicine And Rehabilitation,-0.044***,0.003,-0.061**,0.026,0.014,0.034,0.312***,0.066,0.020***,0.0,-0.038,0.042,0.099***,0.021,0.163***,0.021,0.150***,0.023,-0.015***,0.003,0.095***,0.025,0.176***,0.032,0.356***,0.064,0.019***,0.0,0.030,0.044,0.109***,0.022,0.187***,0.022,0.171***,0.025,0.049***,0.003,0.384***,0.021,0.528***,0.026,0.694***,0.052,0.019***,0.0,-0.026,0.05,0.081***,0.018,0.200***,0.024,0.164***,0.02,0.044***,0.006,0.385***,0.048,0.483***,0.062,0.556***,0.128,0.019***,0.001,0.273,0.215,0.285***,0.042,0.148,0.111,0.162***,0.041,Medicine
Physical Therapy,-0.016***,0.004,-0.037,0.03,-0.006,0.039,0.100,0.08,0.021***,0.0,-0.007,0.043,0.043*,0.023,0.069***,0.023,-0.059**,0.024,-0.001,0.004,0.054**,0.027,0.080**,0.036,0.096,0.077,0.018***,0.0,-0.000,0.043,-0.005,0.021,0.103***,0.024,-0.039*,0.024,0.030***,0.003,0.203***,0.022,0.263***,0.028,0.175***,0.062,0.019***,0.0,-0.008,0.047,0.017,0.017,0.118***,0.025,-0.028,0.018,0.042***,0.006,0.275***,0.048,0.287***,0.062,0.248*,0.131,0.018***,0.001,-0.123,0.236,0.099**,0.041,-0.133,0.122,-0.012,0.041,Medicine
Physiology,-0.039***,0.008,0.270***,0.063,0.266***,0.085,-0.036,0.215,0.018***,0.001,0.117,0.091,-0.121**,0.05,0.339***,0.048,-0.052,0.055,-0.031***,0.01,0.233***,0.07,0.219**,0.095,0.584***,0.189,0.018***,0.001,-0.106,0.125,-0.157***,0.052,0.276***,0.056,-0.195***,0.056,0.065***,0.009,0.574***,0.058,0.744***,0.074,1.050***,0.147,0.023***,0.001,0.426***,0.114,0.012,0.047,0.463***,0.059,-0.076,0.051,0.063***,0.017,0.626***,0.123,0.926***,0.152,1.102***,0.307,0.027***,0.002,0.865**,0.4,0.040,0.104,0.686***,0.219,-0.078,0.1,"Biology, Medicine"
Polymer Chemistry,-0.097***,0.005,-0.158***,0.049,-0.029,0.065,0.045,0.141,0.043***,0.0,-0.516***,0.059,-0.413***,0.031,-0.023,0.03,-0.252***,0.035,-0.056***,0.007,0.283***,0.048,0.405***,0.064,0.921***,0.114,0.041***,0.0,-0.466***,0.076,-0.174***,0.033,0.068*,0.036,0.135***,0.037,0.006,0.006,0.516***,0.034,0.770***,0.043,1.345***,0.076,0.035***,0.0,-0.025,0.067,-0.004,0.027,0.433***,0.032,0.012,0.028,0.027**,0.011,0.366***,0.064,0.535***,0.085,1.002***,0.159,0.035***,0.001,0.775***,0.193,0.150***,0.051,0.385***,0.113,-0.090*,0.051,"Chemistry, Materials Science"
Polymer Science,0.028*,0.015,0.059,0.132,0.205,0.158,0.660**,0.264,0.015***,0.002,0.131,0.192,0.157,0.102,-0.126,0.118,-0.090,0.104,0.034*,0.019,0.214,0.146,0.435**,0.175,0.534*,0.303,0.016***,0.002,0.034,0.268,0.043,0.116,0.094,0.138,0.168,0.12,0.030,0.021,0.191,0.139,-0.013,0.19,0.192,0.352,0.018***,0.002,0.815***,0.222,0.194*,0.107,0.000,0.152,0.169,0.11,0.090*,0.05,0.224,0.314,0.424,0.385,0.831,0.617,0.017***,0.005,0.864,1.055,-0.050,0.292,,,0.257,0.273,"Chemistry, Materials Science"
Process Engineering,-0.056***,0.003,-0.368***,0.032,-0.481***,0.044,-0.649***,0.102,0.015***,0.001,-0.136***,0.052,-0.026,0.024,-0.143***,0.026,-0.059**,0.026,-0.080***,0.005,-0.425***,0.04,-0.404***,0.054,-0.359***,0.126,0.018***,0.001,-0.285***,0.074,-0.137***,0.028,-0.329***,0.034,-0.229***,0.032,-0.054***,0.005,-0.052,0.032,0.022,0.044,0.022,0.1,0.021***,0.0,-0.051,0.07,-0.007,0.022,-0.085***,0.031,-0.161***,0.025,-0.020**,0.01,0.069,0.063,0.049,0.086,0.113,0.189,0.020***,0.001,0.407*,0.228,0.148***,0.05,0.118,0.121,-0.020,0.047,Engineering
Process Management,0.029***,0.002,0.172***,0.018,0.160***,0.023,0.210***,0.046,0.005***,0.0,-0.032,0.047,0.157***,0.017,0.041*,0.023,0.233***,0.017,0.045***,0.003,0.175***,0.021,0.168***,0.027,0.144***,0.053,0.004***,0.0,-0.026,0.059,0.178***,0.019,0.001,0.028,0.139***,0.019,0.044***,0.003,0.071***,0.02,0.022,0.026,0.059,0.052,0.004***,0.0,-0.042,0.067,0.119***,0.017,-0.084***,0.031,0.045***,0.017,0.070***,0.007,0.233***,0.043,0.234***,0.055,0.110,0.116,0.004***,0.001,0.544**,0.234,0.042,0.05,0.191,0.148,0.077,0.054,"Business, Engineering"
Psychiatry,-0.016***,0.003,0.031*,0.017,0.110***,0.022,0.281***,0.045,0.020***,0.0,0.017,0.029,0.001,0.013,0.036**,0.015,-0.110***,0.014,0.011***,0.003,0.139***,0.016,0.212***,0.021,0.371***,0.041,0.019***,0.0,0.032,0.031,0.015,0.013,0.083***,0.016,-0.135***,0.014,0.057***,0.002,0.328***,0.012,0.384***,0.016,0.445***,0.032,0.018***,0.0,0.160***,0.031,0.101***,0.01,0.213***,0.016,-0.017*,0.01,0.057***,0.004,0.382***,0.026,0.452***,0.031,0.666***,0.062,0.017***,0.0,0.198,0.124,0.150***,0.024,0.181***,0.067,0.017,0.024,"Medicine, Psychology"
Pulp And Paper Industry,-0.075***,0.009,-0.649***,0.097,-0.778***,0.141,-2.441***,0.71,0.022***,0.001,-0.208*,0.112,-0.134**,0.061,-0.114**,0.058,-0.361***,0.065,-0.102***,0.013,-0.690***,0.121,-0.893***,0.186,-1.538***,0.587,0.025***,0.001,0.008,0.145,-0.016,0.072,-0.245***,0.078,-0.300***,0.079,-0.029**,0.013,0.073,0.084,0.086,0.114,0.154,0.241,0.027***,0.001,-0.139,0.168,-0.015,0.058,-0.235***,0.08,-0.261***,0.064,-0.008,0.026,0.193,0.162,0.074,0.238,0.807**,0.37,0.025***,0.002,-0.761,1.007,0.052,0.124,0.026,0.325,-0.021,0.118,Engineering
Quantum Electrodynamics,-0.032***,0.012,-0.248***,0.088,-0.394***,0.126,-0.053,0.238,0.004***,0.001,-0.285*,0.168,0.106*,0.062,-0.035,0.064,0.046,0.074,0.004,0.015,-0.125,0.104,-0.114,0.139,0.252,0.255,0.006***,0.001,-0.336,0.23,0.032,0.074,-0.004,0.085,0.065,0.09,-0.026,0.017,-0.171,0.117,-0.032,0.152,-0.446,0.389,0.005***,0.001,0.033,0.276,0.020,0.078,0.005,0.112,0.005,0.083,-0.001,0.031,,,,,,,0.005**,0.003,,,,,,,,,Physics
Quantum Mechanics,-0.026***,0.001,0.053***,0.005,0.147***,0.007,0.326***,0.014,0.012***,0.0,-0.062***,0.009,0.042***,0.004,0.082***,0.004,0.109***,0.005,-0.020***,0.001,0.186***,0.006,0.287***,0.008,0.470***,0.016,0.011***,0.0,-0.036***,0.011,-0.001,0.005,0.060***,0.005,0.047***,0.005,0.006***,0.001,0.267***,0.005,0.331***,0.007,0.491***,0.014,0.011***,0.0,0.135***,0.012,0.010***,0.004,0.109***,0.006,-0.008**,0.004,-0.006***,0.002,0.141***,0.011,0.193***,0.015,0.304***,0.032,0.012***,0.0,0.274***,0.049,0.111***,0.01,0.199***,0.024,0.016*,0.009,Physics
Radiochemistry,-0.010,0.015,-0.194,0.152,-0.015,0.194,-0.196,0.456,0.014***,0.002,0.095,0.173,-0.207**,0.097,-0.195*,0.109,-0.279***,0.1,-0.049***,0.019,-0.097,0.179,-0.317,0.27,0.242,0.467,0.015***,0.002,-0.279,0.275,-0.180,0.11,-0.270*,0.147,-0.340***,0.112,-0.029,0.02,-0.061,0.178,-0.273,0.26,-0.063,0.513,0.019***,0.002,-0.681,0.414,-0.342***,0.109,-0.210,0.18,-0.289***,0.11,-0.065,0.055,-0.383,0.55,-0.113,0.631,-25.868,464585.784,0.030***,0.006,-11.483,489.229,-1.027*,0.532,0.193,1.024,-0.768*,0.449,Chemistry
Radiology,-0.026***,0.002,0.016,0.015,0.093***,0.019,0.323***,0.037,0.028***,0.0,0.290***,0.019,0.098***,0.011,0.208***,0.011,-0.036***,0.012,0.029***,0.002,0.210***,0.015,0.297***,0.019,0.566***,0.037,0.025***,0.0,0.248***,0.024,0.085***,0.012,0.189***,0.012,-0.089***,0.013,0.164***,0.002,0.757***,0.012,0.934***,0.014,1.195***,0.028,0.027***,0.0,0.468***,0.026,0.259***,0.01,0.342***,0.013,0.018*,0.011,0.139***,0.003,0.782***,0.025,0.855***,0.03,1.004***,0.06,0.026***,0.0,0.573***,0.104,0.418***,0.022,0.364***,0.054,0.232***,0.021,Medicine
Reliability Engineering,0.004**,0.002,0.002,0.019,0.059**,0.025,0.049,0.051,-0.003***,0.0,-0.047,0.039,0.063***,0.017,0.014,0.019,0.168***,0.017,0.020***,0.003,0.074***,0.022,0.121***,0.029,0.091,0.059,-0.000,0.0,-0.029,0.052,0.025,0.019,-0.082***,0.024,0.086***,0.02,0.045***,0.003,0.152***,0.021,0.199***,0.027,0.260***,0.057,0.004***,0.0,0.114**,0.055,0.014,0.017,0.019,0.025,0.067***,0.017,0.055***,0.006,0.226***,0.044,0.286***,0.056,0.360***,0.125,0.005***,0.001,-0.092,0.205,0.159***,0.042,0.071,0.112,0.174***,0.04,Engineering
Remote Sensing,-0.003,0.002,0.082***,0.016,0.169***,0.02,0.391***,0.04,0.007***,0.0,-0.025,0.025,0.094***,0.016,0.072***,0.014,0.240***,0.017,0.008***,0.002,0.202***,0.017,0.355***,0.021,0.649***,0.042,0.005***,0.0,0.035,0.03,0.090***,0.016,0.115***,0.015,0.214***,0.018,0.058***,0.002,0.423***,0.015,0.551***,0.02,0.846***,0.041,0.005***,0.0,0.293***,0.03,0.214***,0.014,0.273***,0.015,0.319***,0.015,0.062***,0.005,0.364***,0.033,0.394***,0.042,0.677***,0.092,0.007***,0.0,0.488***,0.126,0.285***,0.026,0.403***,0.06,0.282***,0.026,"Geography, Geology"
Risk Analysis (Engineering),-0.004*,0.002,-0.020,0.02,0.063**,0.025,0.193***,0.05,0.007***,0.0,-0.022,0.047,0.076***,0.018,-0.047**,0.022,0.061***,0.018,0.011***,0.003,0.058***,0.022,0.064**,0.029,0.116**,0.058,0.011***,0.0,-0.113*,0.059,0.020,0.019,-0.091***,0.027,-0.004,0.02,0.024***,0.003,0.127***,0.021,0.110***,0.027,0.078,0.056,0.010***,0.0,0.058,0.059,-0.006,0.016,-0.042,0.028,-0.042**,0.017,0.052***,0.007,0.250***,0.044,0.304***,0.057,0.314***,0.115,0.010***,0.001,0.094,0.264,0.084*,0.045,0.031,0.126,0.048,0.044,"Business, Medicine"
Seismology,-0.058***,0.002,-0.027,0.023,0.203***,0.03,0.566***,0.059,0.013***,0.0,-0.488***,0.035,-0.206***,0.019,-0.125***,0.018,0.428***,0.023,-0.008***,0.003,0.462***,0.023,0.685***,0.03,1.152***,0.06,0.011***,0.0,-0.306***,0.044,-0.021,0.02,-0.016,0.021,0.556***,0.024,0.114***,0.003,1.017***,0.02,1.258***,0.027,1.884***,0.059,0.015***,0.0,0.062,0.043,-0.002,0.016,0.153***,0.02,0.350***,0.019,0.102***,0.006,0.891***,0.044,1.055***,0.06,1.110***,0.123,0.016***,0.001,0.376*,0.197,0.049,0.036,0.365***,0.082,0.137***,0.034,Geology
Soil Science,-0.023***,0.005,-0.002,0.039,0.020,0.051,0.086,0.104,0.015***,0.0,-0.046,0.05,0.060*,0.033,0.008,0.028,0.062,0.038,-0.010,0.006,0.018,0.043,0.059,0.056,0.224**,0.112,0.015***,0.001,0.130**,0.062,0.025,0.035,-0.064*,0.035,-0.071*,0.039,0.031***,0.006,0.210***,0.035,0.201***,0.047,0.135,0.103,0.017***,0.0,0.118*,0.069,0.036,0.027,-0.014,0.035,-0.102***,0.03,0.057***,0.012,0.325***,0.069,0.287***,0.093,-0.185,0.239,0.017***,0.001,-0.721,0.455,0.017,0.058,-0.463**,0.185,-0.073,0.054,"Environmental Science, Geology"
Statistical Physics,-0.006**,0.003,0.029,0.019,0.070***,0.025,0.175***,0.051,0.009***,0.0,-0.083**,0.033,0.061***,0.014,0.016,0.015,0.130***,0.016,-0.002,0.003,0.082***,0.021,0.113***,0.028,0.245***,0.058,0.010***,0.0,-0.109**,0.044,-0.007,0.016,-0.025,0.019,0.070***,0.019,0.015***,0.003,0.136***,0.02,0.171***,0.026,0.377***,0.053,0.007***,0.0,-0.051,0.049,0.020,0.015,0.021,0.022,0.056***,0.016,0.019***,0.006,0.155***,0.042,0.207***,0.055,0.183,0.117,0.005***,0.001,-0.297,0.225,0.012,0.041,0.009,0.105,0.079**,0.038,Physics
Stereochemistry,-0.006,0.007,-0.024,0.049,0.015,0.065,0.233*,0.127,0.023***,0.001,-0.304***,0.049,-0.146***,0.037,-0.178***,0.033,-0.098***,0.037,-0.009,0.009,0.074,0.068,0.119,0.09,0.571***,0.159,0.026***,0.001,-0.260***,0.079,-0.180***,0.049,-0.116**,0.051,-0.088*,0.049,0.047***,0.011,0.250***,0.068,0.325***,0.088,0.778***,0.153,0.029***,0.001,-0.019,0.101,-0.119**,0.05,0.022,0.065,-0.066,0.05,0.117***,0.025,0.436***,0.145,0.499***,0.19,0.204,0.456,0.031***,0.002,0.331,0.416,0.053,0.113,0.292,0.275,-0.256**,0.121,Chemistry
Structural Engineering,-0.017***,0.001,-0.121***,0.012,-0.073***,0.015,0.037,0.03,0.011***,0.0,-0.036*,0.019,0.031***,0.009,-0.032***,0.009,0.071***,0.011,-0.019***,0.002,-0.084***,0.013,-0.036**,0.017,0.194***,0.034,0.013***,0.0,0.023,0.025,0.037***,0.01,-0.026**,0.011,0.046***,0.012,0.007***,0.002,0.112***,0.012,0.245***,0.015,0.567***,0.03,0.015***,0.0,0.091***,0.026,0.037***,0.009,0.017,0.012,-0.054***,0.01,0.011***,0.004,0.087***,0.025,0.189***,0.034,0.347***,0.07,0.017***,0.0,-0.043,0.113,0.088***,0.022,-0.083,0.052,-0.031,0.02,Engineering
Surgery,-0.023***,0.003,-0.018,0.021,-0.066**,0.029,-0.002,0.061,0.031***,0.0,0.096***,0.028,-0.059***,0.016,0.120***,0.016,-0.183***,0.018,0.012***,0.003,0.127***,0.022,0.133***,0.029,0.116*,0.061,0.029***,0.0,0.089**,0.035,-0.041**,0.017,0.129***,0.018,-0.219***,0.018,0.097***,0.003,0.490***,0.016,0.620***,0.02,0.552***,0.041,0.030***,0.0,0.154***,0.037,0.045***,0.013,0.183***,0.018,-0.121***,0.014,0.104***,0.005,0.583***,0.031,0.631***,0.043,0.565***,0.085,0.031***,0.0,0.091,0.16,0.230***,0.03,0.151**,0.074,0.057**,0.029,Medicine
Systems Engineering,-0.000,0.002,0.044***,0.015,0.058***,0.02,0.050,0.041,0.006***,0.0,0.061*,0.032,0.131***,0.015,0.140***,0.017,0.262***,0.015,0.019***,0.002,0.114***,0.018,0.167***,0.024,0.308***,0.049,0.004***,0.0,-0.049,0.045,0.095***,0.017,0.116***,0.022,0.204***,0.017,0.018***,0.003,0.106***,0.016,0.181***,0.022,0.274***,0.046,0.005***,0.0,0.251***,0.047,0.207***,0.015,0.221***,0.022,0.293***,0.015,0.031***,0.005,0.146***,0.036,0.197***,0.048,0.215**,0.096,0.004***,0.001,0.437**,0.193,0.358***,0.038,0.530***,0.101,0.426***,0.039,Engineering
Telecommunications,-0.020***,0.001,-0.090***,0.007,-0.059***,0.01,0.045**,0.02,0.011***,0.0,-0.023*,0.013,0.116***,0.007,0.087***,0.007,0.281***,0.008,-0.020***,0.001,-0.050***,0.009,-0.003,0.011,0.166***,0.023,0.011***,0.0,-0.009,0.017,0.094***,0.008,0.065***,0.009,0.180***,0.009,-0.011***,0.001,0.025***,0.008,0.062***,0.011,0.172***,0.022,0.014***,0.0,0.198***,0.018,0.146***,0.007,0.188***,0.009,0.175***,0.007,-0.009***,0.003,-0.048***,0.018,-0.052**,0.024,0.017,0.051,0.014***,0.0,0.339***,0.074,0.221***,0.015,0.273***,0.035,0.132***,0.015,"Computer Science, Engineering"
Theoretical Physics,0.011**,0.006,0.090**,0.038,0.087*,0.05,0.184*,0.1,0.013***,0.001,0.110,0.072,0.041,0.033,-0.044,0.036,0.048,0.036,-0.004,0.007,0.033,0.044,-0.035,0.059,0.162,0.117,0.013***,0.001,-0.338***,0.113,-0.006,0.037,-0.102**,0.046,-0.080*,0.041,-0.016**,0.007,-0.036,0.044,-0.020,0.058,0.107,0.117,0.015***,0.001,-0.093,0.122,-0.023,0.035,-0.135**,0.055,-0.061*,0.036,-0.042***,0.014,-0.123,0.094,-0.121,0.122,-0.097,0.264,0.013***,0.001,-0.462,0.728,-0.131,0.097,-0.347,0.261,-0.150*,0.09,Physics
Thermodynamics,-0.048***,0.001,-0.081***,0.012,-0.018,0.015,0.155***,0.032,0.020***,0.0,-0.071***,0.018,-0.009,0.009,0.063***,0.009,-0.015,0.01,-0.057***,0.002,0.032**,0.013,0.125***,0.017,0.267***,0.035,0.018***,0.0,0.004,0.022,0.005,0.009,0.055***,0.011,-0.023**,0.011,-0.042***,0.002,0.079***,0.012,0.131***,0.016,0.279***,0.033,0.017***,0.0,0.093***,0.024,0.026***,0.008,0.052***,0.011,-0.116***,0.009,-0.038***,0.004,0.016,0.026,0.031,0.034,0.244***,0.072,0.017***,0.0,0.129,0.106,0.067***,0.021,0.059,0.051,-0.116***,0.02,Physics
Toxicology,-0.035**,0.014,-0.211*,0.123,-0.422**,0.176,-0.020,0.313,0.022***,0.001,-0.446***,0.168,-0.429***,0.089,-0.042,0.085,-0.327***,0.094,-0.038**,0.017,-0.197,0.141,-0.224,0.187,-0.239,0.39,0.024***,0.002,-0.026,0.186,-0.294***,0.102,-0.116,0.107,-0.131,0.111,-0.001,0.018,0.136,0.122,0.115,0.16,0.149,0.325,0.024***,0.001,-0.482*,0.272,-0.321***,0.087,-0.063,0.121,-0.214**,0.092,0.037,0.036,0.230,0.267,0.464,0.356,-0.236,1.012,0.027***,0.003,-16.606,4926.778,-0.022,0.209,-0.360,0.717,-0.182,0.211,Biology
Traditional Medicine,-0.035***,0.007,-0.317***,0.095,-0.181,0.122,0.011,0.233,0.030***,0.001,-0.339***,0.092,-0.275***,0.052,-0.335***,0.059,-0.358***,0.05,-0.011,0.009,0.061,0.087,0.349***,0.104,0.424**,0.197,0.032***,0.001,-0.226*,0.119,-0.291***,0.06,-0.282***,0.074,-0.502***,0.059,0.012,0.01,0.186**,0.077,0.175*,0.102,0.426**,0.188,0.035***,0.001,0.046,0.14,-0.465***,0.061,-0.110,0.089,-0.512***,0.062,0.077***,0.018,0.704***,0.142,0.728***,0.185,0.475,0.393,0.033***,0.002,-0.778,1.006,-0.112,0.14,0.117,0.387,-0.406***,0.145,Medicine
Transport Engineering,0.002,0.002,0.004,0.022,0.016,0.028,0.120**,0.055,0.004***,0.0,-0.006,0.046,0.160***,0.021,0.064***,0.022,0.388***,0.023,0.010***,0.003,-0.002,0.024,0.072**,0.03,0.252***,0.059,0.003***,0.0,-0.126**,0.057,0.046**,0.022,0.064***,0.024,0.210***,0.025,0.019***,0.003,0.058***,0.021,0.101***,0.027,0.261***,0.055,0.002***,0.0,0.188***,0.056,0.096***,0.018,0.148***,0.024,0.222***,0.019,0.040***,0.006,0.174***,0.044,0.224***,0.057,0.284**,0.119,0.003***,0.001,0.517**,0.211,0.208***,0.043,0.334***,0.109,0.217***,0.041,Engineering
Urology,-0.035***,0.012,-0.065,0.109,-0.039,0.147,-0.426,0.386,0.017***,0.001,-0.046,0.113,-0.360***,0.064,-0.053,0.069,-0.394***,0.067,-0.034**,0.014,-0.076,0.126,-0.133,0.176,-0.278,0.425,0.017***,0.001,0.032,0.138,-0.397***,0.071,-0.245***,0.09,-0.527***,0.073,0.038***,0.013,0.340***,0.095,0.434***,0.12,0.832***,0.214,0.018***,0.001,-0.617***,0.191,-0.501***,0.064,-0.305***,0.1,-0.523***,0.065,0.060**,0.024,0.373*,0.208,0.489*,0.253,0.675,0.472,0.017***,0.002,0.193,0.463,-0.133,0.158,0.051,0.331,-0.220,0.153,Medicine
Veterinary Medicine,-0.023***,0.008,-0.126*,0.074,-0.109,0.098,0.093,0.195,0.018***,0.001,-0.078,0.079,0.028,0.059,0.004,0.049,0.027,0.061,-0.025***,0.008,-0.067,0.079,-0.132,0.107,-0.258,0.237,0.015***,0.001,0.199**,0.085,-0.029,0.057,-0.064,0.056,0.114*,0.063,0.030***,0.008,0.111*,0.065,0.078,0.087,0.055,0.188,0.016***,0.001,0.197*,0.1,-0.178***,0.046,0.067,0.06,-0.168***,0.049,0.042**,0.017,0.298**,0.142,0.301,0.184,0.858***,0.304,0.020***,0.002,-0.513,0.715,-0.293**,0.117,-0.343,0.361,-0.459***,0.117,Medicine
Virology,-0.037***,0.006,0.186***,0.054,0.308***,0.07,0.457***,0.147,0.032***,0.001,-0.432***,0.071,-0.252***,0.041,-0.191***,0.04,-0.088**,0.045,-0.009,0.007,0.347***,0.055,0.441***,0.072,0.263,0.174,0.029***,0.001,-0.522***,0.093,-0.355***,0.042,-0.259***,0.047,-0.197***,0.047,0.026***,0.005,0.252***,0.026,0.257***,0.035,0.195**,0.083,0.024***,0.0,-0.539***,0.103,-0.447***,0.031,-0.099**,0.047,-0.350***,0.031,0.017*,0.009,0.344***,0.068,0.410***,0.088,0.674***,0.177,0.026***,0.001,-1.430**,0.711,-0.306***,0.083,-0.292,0.235,-0.351***,0.081,"Biology, Medicine"
Waste Management,-0.082***,0.003,-0.651***,0.03,-0.676***,0.041,-0.951***,0.104,0.019***,0.0,-0.236***,0.044,-0.127***,0.021,-0.209***,0.022,-0.194***,0.023,-0.089***,0.004,-0.407***,0.035,-0.382***,0.048,-0.385***,0.107,0.022***,0.0,-0.325***,0.066,-0.238***,0.025,-0.241***,0.029,-0.315***,0.027,-0.057***,0.005,-0.073**,0.03,-0.013,0.039,0.167**,0.079,0.027***,0.0,-0.032,0.064,-0.139***,0.021,-0.074**,0.029,-0.351***,0.022,-0.030***,0.009,0.040,0.06,0.009,0.081,-0.111,0.187,0.027***,0.001,-0.336,0.309,0.061,0.047,0.057,0.118,-0.216***,0.045,Engineering
Water Resource Management,-0.021***,0.004,-0.165***,0.045,-0.152***,0.057,-0.187*,0.113,0.001**,0.001,0.121*,0.064,0.057,0.038,0.029,0.038,-0.038,0.038,-0.019***,0.006,-0.161***,0.051,-0.274***,0.065,-0.553***,0.148,0.001,0.001,0.027,0.087,0.237***,0.043,0.052,0.047,0.053,0.045,-0.027***,0.007,-0.162***,0.046,-0.114*,0.06,-0.310**,0.131,-0.000,0.001,0.235***,0.091,0.171***,0.035,0.230***,0.047,0.091**,0.037,-0.025*,0.015,-0.300***,0.105,-0.264*,0.138,-0.002,0.267,-0.002,0.001,0.761*,0.388,0.222***,0.082,0.085,0.229,-0.031,0.082,Environmental Science
Zoology,0.074***,0.006,0.493***,0.039,0.528***,0.048,0.704***,0.09,0.026***,0.001,-0.724***,0.059,-0.299***,0.041,-0.283***,0.033,-0.079*,0.042,0.040***,0.007,0.269***,0.045,0.281***,0.059,0.625***,0.11,0.026***,0.001,-0.811***,0.079,-0.432***,0.043,-0.319***,0.04,-0.161***,0.046,-0.019**,0.009,0.022,0.047,-0.208***,0.071,0.070,0.138,0.028***,0.001,-0.512***,0.093,-0.547***,0.037,-0.230***,0.049,-0.329***,0.039,0.021,0.014,0.326***,0.1,0.549***,0.138,0.362,0.298,0.031***,0.002,-1.294*,0.711,-0.282***,0.089,-0.300,0.256,-0.283***,0.091,Biology
